Ticker,GOOGL,GOOGL,GOOGL,GOOGL,GOOGL,MSFT,MSFT,MSFT,MSFT,MSFT,AAPL,AAPL,AAPL,AAPL,AAPL
Price,Open,High,Low,Close,Volume,Open,High,Low,Close,Volume,Open,High,Low,Close,Volume
Date,,,,,,,,,,,,,,,
2021-01-04,87.58127450968259,87.70517858508398,84.95085279667997,85.89583587646484,37324000,214.67111131281493,215.12451393232777,207.223750280704,210.00204467773438,37130100,130.4198058762155,130.50771259087762,123.8167640988133,126.40523529052734,143301900
2021-01-05,85.84408949685165,86.92591538334669,85.4365378377414,86.58853149414062,20360000,209.58716238519727,210.80267319267213,208.08225826156576,210.20455932617188,23823000,125.89730757907694,128.68113950331986,125.4479817429498,127.96807861328125,97664900
2021-01-06,84.60849276055802,86.78359483694405,84.40148228115612,85.7341079711914,46588000,204.6769586619817,208.84439971467242,204.45508551109228,204.75413513183594,35930700,124.75447411900687,128.00715673158123,123.44558366599814,123.66047668457031,155088000
2021-01-07,85.92718285176521,88.4680365310176,85.92718285176521,88.29486846923828,41936000,206.48091954701593,211.59374676648795,206.1625868380979,210.58082580566406,27694500,125.37962311713653,128.57370150076903,124.89123256509167,127.88018035888672,109578200
2021-01-08,88.43520016542561,89.53991920335396,87.64198775015869,89.46378326416016,35484000,210.9570559155459,212.78996405087463,209.36533346109607,211.86386108398438,22956200,129.3551144383391,129.5504825827211,127.20619899060827,128.98394775390625,105158200
2021-01-11,88.42822700365895,88.79447981255163,87.19015051877497,87.39665985107422,34796000,210.7544833480183,211.17894660014582,209.0759281382161,209.80909729003906,23031300,126.1903448095608,127.1475860544949,125.51636350795053,125.98521423339844,100384500
2021-01-12,86.85275048203393,87.97438678522597,85.41064774837153,86.45813751220703,29528000,208.85405350778225,209.4328697056975,205.78636593059068,207.33949279785156,23249300,125.5163499461026,126.67872164160659,123.91442981145272,125.80938720703125,91951100
2021-01-13,85.95505131902136,87.40164172592644,85.95505131902136,86.94681549072266,23432000,206.46164808437925,209.10487249439277,206.37481534806392,208.69970703125,20087100,125.77030485446012,128.39784789227025,125.50658473947469,127.8508529663086,88636800
2021-01-14,87.02742201402309,87.95698355407666,85.89284698308188,86.13419342041016,29212000,208.28486838376134,209.78013111431568,205.22682271567444,205.49693298339844,29480800,127.76297053653161,127.95832377513628,125.77032875107238,125.91685485839844,90221800
2021-01-15,86.03964495454214,86.9652201288953,85.17826937574225,85.96997833251953,31444000,205.97929960679494,206.93432719678094,204.54191537229212,205.1400146484375,31746500,125.78986283591505,127.19642993721087,124.05119375361772,124.18794250488281,111598500
2021-01-19,86.73532241988458,89.76284772453106,86.22924282649801,88.79895782470703,41660000,206.2011410675174,209.3170652998531,205.12070003287826,208.796142578125,30480900,124.81309643726976,125.7215106737219,123.99260383334368,124.8619384765625,90757300
2021-01-20,90.88397660113064,94.53402890494993,90.54261398019355,93.55620574951172,64152000,210.01167500183746,217.81596395680273,209.61615108340143,216.41717529296875,37777300,125.67266873501019,129.41374239946222,125.56522221027927,128.96441650390625,104319500
2021-01-21,94.23198512960039,96.14433582290614,93.52336737446421,93.75923919677734,58634000,216.76446409311393,218.30796418338835,214.56498603241292,217.02493286132812,30709400,130.6933214660753,136.42702207412472,130.48819086563083,133.69203186035156,120150900
2021-01-22,94.12299577520295,94.76641920003334,93.37855385519987,94.177734375,32744000,219.06040382451215,221.94481374827697,217.82560971130675,217.97030639648438,30172700,133.1157150150256,136.60283037919487,131.88497630652225,135.8409423828125,114459400
2021-01-25,95.181933158644,95.63377526738347,92.51567974733115,94.26332092285156,50586000,221.02836523771916,221.66506012946064,216.3014201273162,221.42388916015625,33152100,139.74805806803522,141.72114486140973,133.36966473426315,139.60153198242188,157611700
2021-01-26,93.85080553412007,95.33172432985599,93.36015508295559,94.9435806274414,31462000,223.67156695835445,225.90962552490151,221.95443112163733,224.12496948242188,49169600,140.26575403148016,140.94949773337214,138.08752172506703,139.83596801757812,98390600
2021-01-27,93.29944372261227,93.576120836045,89.4364122301707,90.5142593383789,82512000,229.5947593101219,231.94859029016717,222.0123435609157,224.67486572265625,69870600,140.09967490857025,140.94948441192093,137.14980737284998,138.76148986816406,140843800
2021-01-28,91.11438957910407,93.95032603866761,91.11438957910407,92.21910858154297,55278000,227.28918505493604,234.070912016204,226.78754528155395,230.49192810058594,49111200,136.28046069255305,138.69311044857827,133.52593169647875,133.90687561035156,142621100
2021-01-29,91.26466613402292,91.9374520917969,89.64939516724566,90.9332504272461,44530000,227.65570999358513,229.6140167126395,223.17957824718872,223.76803588867188,42503100,132.67617999744974,133.56505438488097,127.18667492713263,128.8960418701172,177523800
2021-02-01,91.79065524466398,95.32127620814629,91.79065524466398,94.203125,40252000,226.75856737700522,233.93581706822144,224.22144432069945,231.18646240234375,33314200,130.6444618808397,132.2366197184336,127.88993224067084,131.02540588378906,106239800
2021-02-02,95.20134574308125,97.00472029972896,94.864948984388,95.49942016601562,66332000,232.77822981544182,233.75255526281515,230.26040422816016,231.0514373779297,25916300,132.57849082798725,133.14502563870852,131.48450079597174,131.85568237304688,83305400
2021-02-03,102.78907880627591,104.8298211991322,100.19845982100969,102.45417785644531,97882000,231.10930869338551,236.43435275542583,230.8102443459254,234.4181671142578,27158100,132.60776578490467,132.61754313249799,130.50769287241187,130.8300323486328,89880900
2021-02-04,102.54075646793045,102.9726895274493,101.27082695508153,102.19292449951172,48596000,234.09015750462424,234.64967583453253,231.88102351930485,233.46310424804688,25296100,133.1352633782053,134.2097136169971,131.4649611835476,134.199951171875,84183100
2021-02-05,102.48801214016696,104.29835730952522,102.01228969427049,103.94454956054688,29866000,233.6753931988384,234.68831430814424,231.92931757379867,233.64645385742188,18054800,134.36139896230972,134.42986806612836,132.90381458934533,133.7842254638672,75693800
2021-02-08,104.5003912566402,105.24682262275905,102.67661395971716,103.73007202148438,28828000,234.56283820883678,235.07411939756682,232.30548186011492,233.9068603515625,22211900,133.0700669616327,133.97983847702403,131.98421930396577,133.93092346191406,71297200
2021-02-09,103.24637908993188,104.4262393016287,103.00752319120647,103.27574157714844,21892000,233.32807212451993,236.1160077909551,232.855386470844,235.16098022460938,23565000,133.6472186633411,134.87981130485002,132.89398418993693,133.0504913330078,76774200
2021-02-10,103.66140099776602,104.44465886939685,102.12375419248004,103.82760620117188,25102000,236.34754106148685,237.23504842887988,232.38268988590397,234.24453735351562,22186700,133.5102943457137,134.0092066849529,131.47555177979126,132.4440155029297,73046600
2021-02-11,104.05252712037256,104.2018073071374,102.95079226487827,103.94055938720703,20480000,236.13532741997616,236.49225575797996,233.59820401440325,235.85557556152344,15751100,132.94288597227373,133.42222921972905,130.85924373219854,132.1896514892578,64280000
2021-02-12,103.49370466476765,104.47550669373334,103.18517454270486,104.2530746459961,18990000,235.3152830417069,236.6369096930941,234.15766556946718,236.33786010742188,16561100,131.42662856832374,132.58094529380088,130.78098619978562,132.42442321777344,60145100
2021-02-16,104.0898583949124,106.74665875822036,104.0898583949124,105.03285217285156,31004000,236.3764453916313,237.4376033476101,234.34096219963934,235.09341430664062,26728500,132.5417954762156,133.0504697304465,129.90053448855053,130.29183959960938,80576300
2021-02-17,104.20081606295832,105.6170492387835,103.92066133491758,105.42695617675781,20294000,233.3336539630768,236.22469210962927,232.96622513355865,236.1183319091797,21653500,128.39406313668186,129.3429575974332,126.65279627456941,127.99298095703125,97918500
2021-02-18,104.74918561724257,105.5946459659735,104.168458398202,104.78948974609375,22546000,233.7977758772666,235.85727476251574,232.88888225714146,235.72190856933594,16925600,126.38869906477753,127.17129463248507,124.63765472953934,126.88761138916016,96856700
2021-02-19,104.88803968550147,105.42497002735199,103.67583285853799,103.94355010986328,37938000,235.68326646492164,235.7896266830172,232.2314060034834,232.99526977539062,25262600,127.40604940993619,127.8658236438276,125.99738068709999,127.0440902709961,87668800
2021-02-22,102.19142592861978,103.52156862841372,101.9127594460567,102.2242660522461,29466000,229.56272223089456,230.05583876789643,224.708852062903,226.7490234375,36446900,125.22457427942261,126.89737227917206,122.86701830596542,123.25831604003906,103916400
2021-02-23,100.22034834099647,103.13192706841954,99.03799761049386,102.515869140625,34658000,222.70737444670027,227.05844976056775,221.16031954469048,225.55007934570312,30228700,121.06708704880822,123.95289450809882,115.8139311119075,123.12139129638672,158273000
2021-02-24,101.01903323255493,103.91916932842446,100.89413445514002,103.69474029541016,22608000,222.39794491641797,227.41618718695392,221.42137560177235,226.78770446777344,26339700,122.22137703659854,122.82788140267746,119.57034603451814,122.62245178222656,111039900
2021-02-25,102.30737526556467,103.65443541183306,99.8471374044302,100.31788635253906,41548000,224.39946279317778,226.8263906391963,220.33846205428335,221.41172790527344,39542200,121.96703273011528,123.70829972436195,117.91711742835099,118.3573226928711,148199500
2021-02-26,101.01455143205975,102.33672899960698,99.57443795504803,100.61446380615234,40042000,223.86766895538668,227.5805831932529,221.9435213576159,224.68954467773438,37819200,119.92252202962122,122.13334806816741,118.56276807411227,118.62146759033203,164560400
2021-03-01,101.91276872031038,103.31755164395297,101.23699864205244,102.99061584472656,26060000,228.09304264916807,229.61109163953674,225.4340520450375,229.0986328125,25324000,121.05726114589218,125.14630670979984,120.11815116715421,125.00935363769531,116307900
2021-03-02,102.75076122777436,104.23865060479181,102.34421183570448,102.73284912109375,25564000,229.1663171050798,229.44672802322287,225.72413513674732,226.13023376464844,22812500,125.61589674931776,125.91914898981547,122.28987674743256,122.3974838256836,102260900
2021-03-03,102.10932019598754,103.30559666179923,99.22560051221559,100.09196472167969,33892000,224.47680916743502,225.84981335833936,219.73896284284643,220.02903747558594,34029500,122.09421455304867,122.97463264092775,119.18883859473966,119.404052734375,112966300
2021-03-04,100.26414756335588,103.23593980274953,99.79439328636663,101.21261596679688,49216000,219.23619522269576,224.7959027819712,216.8382585569958,219.2265167236328,44727800,119.10080486208311,120.91054865889173,116.03891416723145,117.51605224609375,178155000
2021-03-05,102.56713188273565,104.80890881591917,100.90656818815047,104.35458374023438,53100000,221.92416791979974,225.55006376420437,218.96543927137483,223.93533325195312,41872800,118.34754097876571,119.28665097906885,115.01173723483151,118.77796173095703,153766600
2021-03-08,103.70718066935261,105.1841130113127,99.78244045183496,99.89739227294922,36868000,223.71296558772312,225.6467769747564,219.61329488965103,219.86468505859375,35267400,118.29863063273507,118.36710717306019,113.68133401828926,113.82807159423828,154376600
2021-03-09,101.99984883286976,102.70497377307522,101.29571099468689,101.53257751464844,33920000,225.17297326388478,227.59023718245513,224.00301103562117,226.04318237304688,33080500,116.43998860707968,119.4040567156157,116.20521293027855,118.45516204833984,129525800
2021-03-10,102.57958133048544,102.57958133048544,100.48608964975077,101.32508087158203,27100000,229.15662455782697,229.15662455782697,224.3607663454474,224.7281951904297,29746800,119.04212218796035,119.51167358003067,116.85085748034945,117.36933135986328,111943300
2021-03-11,102.42133087333761,105.06120607468662,102.3332510030716,104.52725982666016,27702000,227.18414995839444,231.25481433839158,226.55565245589904,229.28233337402344,29907600,119.87361000523832,120.52902944875325,118.62146316885641,119.30622863769531,103026500
2021-03-12,103.3265033264315,103.3862154039543,101.13746797988055,102.01228332519531,33818000,226.26559211666006,228.01570378486878,225.51140686906064,227.94801330566406,22653700,117.78016499105065,118.5334069388377,116.56714878563196,118.39645385742188,88105100
2021-03-15,101.76248163409007,102.2605960962489,100.90707420357886,102.23323059082031,26168000,227.18412243585888,227.4065065694642,224.1383612630768,227.03907775878906,26034900,118.76820554841954,121.30184534868131,117.79974189337008,121.29206085205078,92403800
2021-03-16,102.80797719904601,105.18112981321325,102.47457211575943,103.69872283935547,31900000,228.46048728451697,232.11538980489362,228.1317428735184,229.84317016601562,28092200,122.96486087306127,124.45179101170382,122.00618910521187,122.83769226074219,115227900
2021-03-17,102.93138712872644,104.45062059070729,101.71968149019554,103.61561584472656,26382000,228.33472144320785,230.65530342963265,225.51135923379334,229.1952667236328,29562100,121.35075339157471,123.12136654730853,119.67795534298575,122.04530334472656,111932600
2021-03-18,101.92170738689737,102.94531691253769,100.47860990910638,100.58609771728516,31700000,224.86357551060163,226.43963644067026,222.70738004305798,223.08447265625,34833000,120.20621275113163,120.49968794214433,117.70191898445727,117.9073486328125,121229700
2021-03-19,101.00361343504876,101.36736812748497,99.66998543614636,100.86576843261719,46072000,223.37457068806827,224.7765810760112,221.75983985463765,222.72674560546875,46430700,117.2910589061766,118.787765950923,117.07584476265258,117.37909698486328,185549500
2021-03-22,100.8991044723601,101.92967690737808,100.22084392102161,101.05137634277344,33536000,222.64938237697024,229.05995721331718,222.52367991322274,228.18008422851562,30127000,117.71171707561217,121.1746903979347,117.64324051825204,120.70513153076172,111912300
2021-03-23,101.51216913992992,102.71442137006943,100.91751613583496,101.58084106445312,28510000,229.6303892737012,233.07257044463407,229.224290739875,229.7174072265625,31638400,120.64641478912513,121.53660985268937,119.48230608877304,119.87360382080078,95467100
2021-03-24,102.0998561026989,102.88808737106272,100.96727052737164,101.14293670654297,25218000,229.97852178181688,230.12355173222502,227.53225159286734,227.66761779785156,25620100,120.14752145372104,120.22578250026773,117.45735955159839,117.47692108154297,88530500
2021-03-25,100.96977489287427,101.79532632060398,99.32961368422106,101.13946533203125,35616000,227.51289551782554,229.09862014573517,223.9063416834218,224.65084838867188,34061900,116.93890087847339,119.01277396820035,116.41064997457923,117.96604919433594,98844700
2021-03-26,101.10611608171759,101.48430522777333,99.71576014468108,100.75479888916016,27978000,223.88701638085823,228.8762533024649,223.88701638085823,228.6538543701172,25479900,117.731260359211,118.83667706674994,116.33237593563868,118.57254791259766,94071200
2021-03-29,100.62691385736701,101.97297935978399,99.79538668638868,101.80278778076172,26492000,228.7601934748005,228.96325014346309,224.2060763388015,227.4548797607422,25227500,119.00297900233532,119.91274312400247,118.10299937711603,118.7486343383789,80819200
2021-03-30,102.16058348544357,102.64277524960562,101.3230881306347,101.83663177490234,27312000,225.80144189964227,226.11085874375115,223.4518685991451,224.1770477294922,24792000,117.49648340996671,117.78017409006814,116.27368261472802,117.29105377197266,85671900
2021-03-31,102.23124089496714,103.81666342143662,101.86299868830717,102.63530731201172,42570000,225.20199547913245,231.18714373342434,224.69920041677108,227.96734619140625,43623500,119.00297562612528,120.83228085062457,118.51385530498492,119.49209594726562,118323800
2021-04-01,104.11474072534617,106.27938718606731,104.07393544516293,105.98230743408203,39880000,230.5779761914017,234.80334887949442,230.17187761588366,234.32957458496094,30338000,120.96924318486211,121.47792504243581,119.82469594439944,120.32360076904297,75089100
2021-04-05,106.8466666341186,110.91919881705677,106.75012806081834,110.42008209228516,48510000,234.72600724804468,241.6877396410895,234.66799527040416,240.8271942138672,36910600,121.17467224344372,123.41484423200751,120.39207673653289,123.1604995727539,88651200
2021-04-06,110.0199908055745,110.86993113753334,109.56566574641188,109.93738555908203,35240000,239.4155001585095,241.14625471940562,238.70966318992367,239.6572265625,22931900,123.74745872730865,124.36374773217551,122.91595555660055,123.4637680053711,80171300
2021-04-07,110.12847588567706,111.69100514725001,110.12847588567706,111.41880798339844,24134000,239.6088857071637,242.62562660061505,239.00940892803152,241.6297149658203,22719800,123.09201613924569,125.13653540500879,122.41702773888204,125.11697387695312,83466700
2021-04-08,112.66136812813146,113.04901826963554,111.61686235050232,111.98609924316406,28664000,244.4046944472387,245.72935019100134,243.6601731205269,244.86880493164062,23625200,126.14411475500228,127.5527835220837,125.723478487292,127.5234375,88844600
2021-04-09,111.7377910863765,113.15750194180373,111.33073299675657,112.9932861328125,26146000,244.50143816737415,247.51819396582258,244.08567580070337,247.38282775878906,24326800,126.97565069226758,130.1451411281215,126.65282945773264,130.10601806640625,106686700
2021-04-12,112.1697216656889,112.30755906868903,110.86097629130978,111.69698333740234,25024000,246.28052740899415,249.1425744248552,246.19349469367526,247.44081115722656,27148700,129.6364546951069,129.9592758997672,127.78758046970171,128.38430786132812,91420000
2021-04-13,112.01396384726543,112.63499526255416,111.6188497032367,112.18514251708984,25682000,248.74619533297331,250.61231644351227,248.3304034135431,249.9354705810547,23837500,129.5581934810451,131.7298889082425,129.05928119869824,131.5048828125,91266500
2021-04-14,112.83204797289153,112.83204797289153,111.26902518096547,111.56211853027344,21002000,248.95887451247958,250.26417351882526,246.71564634853144,247.13140869140625,23070900,132.0037882044852,132.06248025187,128.79516024880334,129.1571044921875,87222800
2021-04-15,112.5593610414897,114.25375956725094,112.02292426332264,113.71881103515625,29174000,249.39398402644244,251.32779545673958,249.20062058798516,250.9120330810547,25627500,130.90812225173812,132.062438624499,130.73203123832246,131.5733184814453,89347100
2021-04-16,113.91736311962295,114.16617356571902,113.00572128065846,113.59440612792969,26282000,250.8830023994161,252.3623668176979,249.07489361125147,252.1109619140625,24878600,131.37770625104787,131.7396504708216,130.37989673029497,131.24075317382812,84922400
2021-04-19,112.96889932948382,114.6563273557735,112.96889932948382,113.9432373046875,30290000,251.5791641704195,252.82648062554435,249.28760267660581,250.17713928222656,23209300,130.60492849890622,132.5222871031633,130.43862934817926,131.90599060058594,94264200
2021-04-20,114.32790173001689,114.40304297259718,112.3190124548569,113.4083023071289,22288000,249.28758716653843,251.58882701537144,248.34000913830877,249.71302795410156,19722900,132.08203545204475,132.58093272949054,128.94187690393258,130.21359252929688,94812300
2021-04-21,113.06195417608703,113.45756186880061,111.706928921232,113.37545776367188,23204000,250.37055834434713,252.05296477976358,248.73648538972924,251.95626831054688,24030400,129.47991444834784,130.83966815962773,128.44298189644934,130.59510803222656,68847100
2021-04-22,113.2286569817641,113.89945354326824,111.48300504001658,112.09010314941406,24146000,251.59852122072658,253.11657023517938,247.17976989137549,248.65914916992188,25606200,130.14511693427332,131.23096454793503,128.55059497902982,129.06906127929688,84566500
2021-04-23,112.81065272785608,114.75734689900595,112.52452223857101,114.4493179321289,29066000,249.34561464334067,252.85548660520342,248.75578689805977,252.50738525390625,21462600,129.28427466174912,132.17985833056576,129.28427466174912,131.39727783203125,78657500
2021-04-26,114.67773209539389,115.67347506131698,114.31944443209228,114.94694519042969,32038000,253.00052474103498,253.7547099344064,251.5598448286297,252.89414978027344,19763300,131.89615073882862,132.12114184419693,130.6537812907487,131.78854370117188,66905100
2021-04-27,115.33010833149295,115.37091360814864,113.76409384172325,114.00395202636719,44386000,252.92315510167123,254.479888469246,251.5114811808997,253.30026245117188,31014200,132.07227902798383,132.46358428625007,131.1918683187311,131.4657745361328,66015800
2021-04-28,119.05579837072018,120.99054864114056,117.10114660558713,117.39076232910156,81106000,247.60518400104692,248.04998184217743,244.5787793719644,246.135498046875,46903100,131.38748176093378,132.08203909742446,130.18425010167056,130.67337036132812,107760100
2021-04-29,118.89307462546185,119.6360207102655,118.1277289193166,119.06873321533203,41234000,247.0057189857729,247.6245379994576,240.7595021178663,244.15333557128906,40589000,133.5004909237802,134.08744123271336,129.56795967816743,130.57554626464844,151101000
2021-04-30,117.83761759172225,118.52582506439606,116.76972515431498,117.11507415771484,44856000,241.47502164719492,244.70448296798347,241.339655446737,243.83425903320312,30945100,128.91254705716273,130.65381415781053,128.21800457946676,128.59951782226562,109839500
2021-05-03,117.68286337787097,118.51090528759072,116.21936316034822,116.5965576171875,28242000,245.01388477039796,245.93245693705362,242.80934107804293,243.5248565673828,19626600,129.16690074814014,131.15274318306484,128.96147855172077,129.65602111816406,75135100
2021-05-04,115.12708626405683,115.69636320160089,112.29711784271197,114.79268646240234,44818000,242.66432159148357,242.8963842678736,237.62673646753146,239.5895538330078,32756100,128.3353972104989,128.6288723998823,123.9430911832169,125.06806945800781,137564700
2021-05-05,115.87750091536309,116.19448215391392,114.86484054405638,115.18779754638672,26636000,240.8175144691284,241.24295530803658,237.6847496622755,238.313232421875,21901300,126.38868542828287,127.61148620627858,125.18545364222994,125.31262969970703,84000900
2021-05-06,114.767794166539,116.31141662597656,114.10645862940969,116.31141662597656,25190000,238.2938828346981,241.5910344808198,236.5921342853169,241.46533203125,26491100,125.10719525066649,126.9267234439276,124.36373027215305,126.91694641113281,78128300
2021-05-07,117.63211092314187,117.9983561400744,116.74982396318221,117.03694915771484,28898000,243.8052730766507,245.8841292412633,242.85770959558752,244.1050262451172,27032900,128.2202231223944,128.62197170549905,126.87774679152785,127.59308624267578,78973300
2021-05-10,115.85311315407462,115.99543808100397,113.6834856654911,114.04227447509766,30914000,242.567624945774,243.39916442664116,238.94172861998285,238.99974060058594,29299900,126.8091685393895,126.93654567929129,124.26141641162498,124.30061340332031,88071200
2021-05-11,111.61984746140375,113.47149124913393,111.16452011496574,112.96292114257812,34186000,236.45676717461123,238.43892660322572,234.54229821975156,238.08116149902344,33641600,121.01792574395533,123.73225163919108,120.30259382458506,123.3794937133789,126142800
2021-05-12,110.7798698646749,111.86418624163223,109.15911669437793,109.4890365600586,46376000,234.1555278301892,236.29239570195924,230.19122371487865,231.09043884277344,36684400,120.91994025373684,122.13501696157893,119.79305116069399,120.30259704589844,112172300
2021-05-13,110.77638288716878,111.43921428648419,109.8109971320314,110.92169189453125,33204000,233.79778600308975,237.4720303748559,233.4303571397704,234.98707580566406,29624300,122.07623559621457,123.61468197456075,121.7626671457256,122.4583969116211,105861300
2021-05-14,112.38967644589917,113.69244612252074,111.96470623927483,113.376953125,31996000,237.4526521142669,240.93350302758955,237.3656341610404,239.93759155273438,23901100,123.71266243367454,125.31970156938155,123.32070002778138,124.88854217529297,81918000
2021-05-17,112.63997266332655,113.94423815039278,112.2388903348768,113.90144348144531,21598000,238.3906040735072,238.42927380995854,235.46088097313097,237.06593322753906,24970200,124.27121091978704,124.37900077220148,122.65437060963178,123.73226165771484,74244600
2021-05-18,114.56975107464842,114.83498539001295,112.5713022709001,112.58523559570312,22204000,238.11983142326952,238.25519760869244,234.86134972147687,235.035400390625,20168000,124.01642168198467,124.43777993260704,122.27219693905593,122.34078979492188,63342900
2021-05-19,110.89133502717809,113.20825325301088,110.74254838311828,113.03458404541016,23684000,231.92448304457386,235.7235033869886,231.23640313623346,235.6168975830078,25739800,120.68477919902028,122.40940198347324,120.39080549827442,122.18402862548828,92612000
2021-05-20,114.0049543138836,115.04995367632121,113.63273332390318,114.79866027832031,32352000,236.43096653820805,240.2978185698106,236.33404680110684,238.87318420410156,21800700,122.71316695271737,125.15312155926449,122.585774870456,124.75135803222656,76857100
2021-05-21,115.31916852848262,115.39282152735618,113.9203538111131,114.16070556640625,40632000,239.9295785121088,240.66611830409525,237.18691532018093,237.6036376953125,21863100,125.25109958373996,125.42748227973826,122.69355422979483,122.90913391113281,79295400
2021-05-24,115.19376457687339,117.71470921979483,115.04796201657045,117.49028778076172,31832000,240.14278312039954,243.40878938683147,239.87142556782467,243.04051208496094,21411500,123.47749567269044,125.368707483583,123.40890280809067,124.54558563232422,63092900
2021-05-25,118.03567732658347,118.63282089487157,117.18972330541762,117.58135223388672,22440000,243.99995218179816,244.94970356838164,243.07927376097604,243.9514923095703,17704300,125.251117740315,125.74107639005582,123.7812642192773,124.349609375,72009500
2021-05-26,117.76297776968487,118.8811365497892,117.7599936843896,118.44920349121094,21572000,243.6704312001958,245.13383947058784,243.01142426646751,243.7285919189453,17771600,124.40840326146704,124.82976157711471,123.87925508767265,124.30061340332031,56575900
2021-05-27,118.88412246880004,118.88412246880004,117.25242764141713,117.5718994140625,35224000,243.4184577609893,243.71888825894953,241.55771405514977,241.61585998535156,24426200,123.89884383271658,125.07472355131192,122.56617616440937,122.76215362548828,94625600
2021-05-28,118.15609820149749,118.23820230611524,117.08273111254248,117.28177642822266,21482000,243.25372651076563,244.3003977061541,241.85816491691435,241.97445678710938,18270200,123.04632661129708,123.27170742078762,122.04682959457176,122.10562133789062,71311100
2021-06-01,118.15709819066481,118.7179164034337,117.15389122754267,118.49249267578125,23354000,243.47658686265473,243.53473278883763,239.3383773786353,239.76478576660156,23213300,122.56617423477933,122.83074455067667,121.44908627688243,121.7822494506836,67637100
2021-06-02,118.88908563692881,119.1125199566235,117.05833804912791,117.96550750732422,21158000,240.4722789790177,241.57709599376332,238.25294410277462,239.6678924560547,19406700,121.7822624487701,122.72296780445203,121.55688909562903,122.54658508300781,59278900
2021-06-03,116.7284369455497,117.29024989898183,115.92179230039618,116.82049560546875,18696000,237.65210054108795,238.73753072977723,235.50061228288084,238.12698364257812,25307700,122.17422461028026,122.34080621458908,120.65537298589332,121.05713653564453,76229200
2021-06-04,117.89982420271934,119.38074292143739,117.55845396785828,119.10903930664062,24458000,240.1136832360692,243.8836303701646,239.871398677868,243.0501708984375,25281100,121.57647200078277,123.62447159323195,121.36089230936066,123.35989379882812,75169300
2021-06-07,118.90352644161484,119.65344300832813,118.48353732486014,119.54346466064453,24120000,242.2651882796942,246.24834728727228,242.10043654311272,245.97698974609375,23079200,123.63426024908394,123.7812470760429,122.32119487398776,123.36968994140625,71057600
2021-06-08,120.02666352139211,120.40037275616211,119.16925910663717,119.35138702392578,24240000,247.28534862837452,248.1091221533289,244.71712308979068,244.77528381347656,22455000,124.05562434058848,125.8782506142176,123.67346305813653,124.19281005859375,74403800
2021-06-09,119.99780404157562,120.06995360786308,119.27475938780199,119.82413482666016,17942000,245.97702084024792,247.64394011127652,245.39554665902227,245.76380920410156,17937600,124.6533680366472,125.1825161645287,123.97723307167732,124.5749740600586,56877900
2021-06-10,119.77336645278285,121.22045035217171,119.61711580354225,121.17715454101562,25904000,246.44214694548472,249.5143132720971,245.841285992205,249.3011016845703,24563600,124.4671847907461,125.61367614452429,123.40889600611712,123.57547760009766,71186400
2021-06-11,121.41950536835986,121.50509470935228,120.37250900118785,120.93183898925781,21958000,250.02796621364502,250.51253533585495,248.69055070422525,249.9310760498047,18999700,123.98703826502418,124.87875295690584,123.56567997208057,124.79055786132812,53522400
2021-06-14,121.0343414607894,121.86337807249288,120.32473660004977,121.86288452148438,22098000,249.9407641590007,251.9275154393582,248.87470610316913,251.86936950683594,19150500,125.2511144685025,127.91644250380197,124.51618772718142,127.85765075683594,96906500
2021-06-15,121.86735007353872,122.19130175131006,120.47998585892422,120.84175872802734,21562000,251.75299339599124,251.96620496085706,249.72749831763971,250.38650512695312,18038900,127.328481372133,127.97522034717902,126.7895322262613,127.03450775146484,62746300
2021-06-16,120.99354083237306,121.30604974987207,118.90154507498283,120.19784545898438,26472000,251.39444663949044,252.53802263311616,246.56814247738893,249.43679809570312,27220000,127.74981271890711,128.25936592062507,125.87821135388346,127.53423309326172,91815000
2021-06-17,120.12319457492448,121.93950775152115,119.92663220106029,121.16421508789062,25842000,248.16723512473413,253.67193320557047,248.10908919664973,252.84815979003906,27565500,127.19133075522794,129.88606227566868,127.04433642829339,129.14132690429688,96721700
2021-06-18,120.78951018597671,121.02438731514766,119.44394586362654,119.53948974609375,46116000,251.61737769533121,254.20496035415408,250.76453127231352,251.4235382080078,37202200,128.08304168654513,128.86695159835352,127.62248638968997,127.83806610107422,108953300
2021-06-21,119.9271335980691,121.41949509864834,119.3279930756123,121.2328872680664,27414000,251.8015947628673,255.3873897891723,249.96023736279042,254.52487182617188,26696100,127.68124802454167,129.7488420763639,126.61315831230449,129.64105224609375,79663300
2021-06-22,121.17069271040606,121.81760141803291,120.48795979203726,121.74842834472656,22390000,254.61210443728862,257.58736715739104,254.30197297460552,257.3160095214844,24694100,129.47448238296937,131.38528868125076,128.97472269195052,131.28729248046875,74783600
2021-06-23,121.51255716784965,122.50978839268653,121.25479445301924,121.5458984375,19148000,257.7811243661629,258.59519710722395,256.2692707647983,257.0833435058594,19518700,131.0815245269483,131.62047373989773,130.5523689534629,131.01292419433594,60214200
2021-06-24,122.1161595703844,122.46996728323248,121.71806894524062,121.9171142578125,21362000,257.94586104279284,259.58370718389216,257.2771532301189,258.4595031738281,21446900,131.74786688107946,131.9340507183845,130.25841113476253,130.72877502441406,68711000
2021-06-25,121.41950326559025,122.04949456348052,120.98657549930995,121.92558288574219,34594000,258.0136819724109,259.0021923210898,256.5890475893359,256.84100341796875,25611100,130.7777556903275,131.19910646414033,130.1408102817522,130.43478393554688,70783700
2021-06-28,122.09477334471072,122.20077291807955,120.8278354639883,121.95295715332031,28526000,257.9749306096631,260.60128716387084,257.7035730643105,260.4268493652344,19590000,130.72875158549564,132.5317679828533,130.669959847861,132.0712127685547,62111300
2021-06-29,122.08681320150404,122.43564746347714,121.1119740224828,121.69070434570312,23108000,260.5721601224017,263.2663628977739,259.7096425798563,263.0240783691406,19937800,132.09083850565023,133.74687585363333,131.64988544279703,133.590087890625,64556100
2021-06-30,121.41401862910979,121.67527414379862,120.777064517877,121.5085678100586,24474000,262.3360705201841,262.98537667253856,261.27971323478516,262.5395812988281,21656500,133.43326643298442,134.64835041310198,133.1392928141683,134.2073974609375,63261400
2021-07-01,121.14581091471862,122.00370889101198,120.95323489975411,121.86189270019531,18110000,261.28932100585706,263.4505097158875,261.27964973591907,263.2179260253906,16725300,133.8546823543605,134.5700069653692,133.03155292227007,134.51121520996094,52485800
2021-07-02,122.56402875962121,124.80730158215873,122.47395949852594,124.6614990234375,25982000,264.4003129092707,269.42044210645486,264.0901815611833,269.08123779296875,26458000,135.12849901876004,137.18629949198788,134.9815196787238,137.14710998535156,78852600
2021-07-06,125.05064934926757,125.82644325871345,123.98971960981602,125.5895767211914,26404000,269.4495493778783,270.74819129061393,265.8346524823873,269.0909729003906,31565600,137.25491925633426,140.27300511470358,137.25491925633426,139.1657257080078,108181800
2021-07-07,126.55693750796647,126.67835105188155,125.55273588133367,125.87220764160156,24060000,270.77725140779233,272.0274481712752,268.5966901015052,271.2908935546875,23260000,140.65517657085456,141.97805072261244,139.79287267133577,141.66448974609375,104911600
2021-07-08,123.4358588645875,124.99788702259595,123.43188008424947,124.44901275634766,23790000,268.3544275213407,270.12796742500313,266.3870776755661,268.8583984375,24618600,138.73459486748519,141.1647488304989,137.84288002246544,140.36123657226562,105575500
2021-07-09,124.43010544209602,125.1362250527908,123.95885535984911,124.92125701904297,18632000,267.21078617893124,269.46886517575774,266.82313681336774,269.3622741699219,23916700,139.88104882276198,142.72275942044914,139.7830526150671,142.19361877441406,99890800
2021-07-12,125.57762429893366,126.46488475430863,125.01332084819249,126.37133026123047,17668000,270.54462431878187,271.13578442629563,268.0442311924346,268.76141357421875,18931700,143.27154122768485,143.37933109333952,141.105950273032,141.5959014892578,76299700
2021-07-13,126.43402078790348,127.44816936734279,126.07175435939051,126.73558044433594,19240000,268.95523209497554,274.12075544543404,268.82926896816707,272.3084716796875,26120100,141.1353085659456,144.49638078931636,140.7433536781911,142.71295166015625,100827100
2021-07-14,127.34914401586859,128.711139700719,127.30584820549012,127.62681579589844,23742000,273.6361940946692,274.90576285138275,271.8917274782308,273.791259765625,23113700,145.12354975623524,146.56400746388263,144.71197759508698,146.15243530273438,127050800
2021-07-15,128.03686284017635,128.0876150688026,125.92794221134592,126.40068054199219,24218000,273.2969989220083,273.7912689162148,271.19395581058893,272.35693359375,22604200,146.24063073416198,146.98535113045864,144.1338317300182,145.4958953857422,106820300
2021-07-16,127.05555571192009,127.20334766110668,125.5532396143855,126.36585235595703,20424000,273.3648409129834,275.3321904324174,270.8353746304237,272.0855712890625,26186800,145.47629609045745,146.7501570666892,142.94814646554318,143.44789123535156,93251400
2021-07-19,125.489534904897,125.60448672400716,122.91732944651262,123.9852294921875,27968000,270.32172742963587,271.71728888837185,265.9800069586817,268.46099853515625,32935600,140.86095791027103,141.17453382837715,138.82275929894942,139.5870819091797,121434600
2021-07-20,124.93021653261364,126.4385084581694,123.75882253519414,125.60897827148438,26312000,269.4495407659648,272.298809949743,267.73417649236615,270.6997375488281,26259700,140.57678303301844,144.1436266165373,140.08683190917176,143.21270751953125,96350000
2021-07-21,125.5333313160581,126.9888739739733,125.4238541100995,126.94210052490234,20746000,270.2926088633188,272.8317459408786,268.73231072624867,272.7154541015625,24364300,142.60517528212256,143.19312262136464,141.72326922538142,142.477783203125,74993500
2021-07-22,127.23568092677225,127.87164030868064,126.89232132734656,127.8104248046875,14302000,275.08016861381213,277.58056160020396,274.6731471537246,277.3092041015625,23384100,143.00692343798204,145.2214969339576,142.8795313726681,143.84963989257812,77338200
2021-07-23,129.80987462994372,132.76425558089943,129.18288265732,132.382080078125,41506000,278.5012802330606,281.04041795355755,277.6581346087778,280.7303161621094,22768100,144.58458386878672,145.73106773788473,143.96724064999466,145.57427978515625,71447400
2021-07-26,132.69411172953653,133.59828204098443,131.671990313619,133.39724731445312,30572000,280.0810104744821,280.74971836728116,277.7938579417119,280.12945556640625,23176100,145.2901355674368,146.81878094574583,144.73158401268006,145.99566650390625,72434100
2021-07-27,133.61169451326654,133.75948644247185,129.4849253186619,131.27236938476562,54710000,280.4976629230343,280.6430277382962,274.2176662977109,277.6968688964844,33604100,146.12301268573492,146.2112152481958,142.62476957316773,143.82025146484375,104818600
2021-07-28,135.66340668703342,137.6389624126458,134.63382884778994,135.44644165039062,95130000,280.0712515550925,281.19545546676426,275.0704946690018,277.3867492675781,33566900,141.89964155731053,144.0162339928002,139.67525927689903,142.06622314453125,118931200
2021-07-29,135.502164347923,136.01073448465564,134.89805792374722,135.13143920898438,31716000,277.40612616035014,279.71267995195393,277.2510604896139,277.6581115722656,18168300,141.78204758764898,143.60466622473632,141.6742577506984,142.71295166015625,56699500
2021-07-30,134.39248350863042,134.66070190945484,133.61619609988043,134.08544921875,25576000,276.3692034593632,277.81321017411824,275.1480796424123,276.1172180175781,20944800,141.4782919442919,143.38909834548167,141.21371414962817,142.9285430908203,70440600
2021-08-02,134.47409278802186,134.69254605827192,133.15738980965833,134.2128448486328,21634000,277.52241989812205,277.91977013661995,274.9832823711018,276.02996826171875,16267400,143.41849700972153,143.99663576121543,142.3308048906137,142.5953826904297,62880000
2021-08-03,134.4919946425515,135.08615411628443,132.68514239501812,134.98464965820312,20762000,276.6114548732623,278.36559275584085,275.23526553226986,278.25897216796875,17879000,142.87955539064197,145.06473338535233,142.26221214218597,144.39840698242188,64786600
2021-08-04,134.70547712760563,135.0040526928008,133.84707807248856,134.4825439453125,19676000,277.38678826831455,278.71450311661016,275.8652339137432,277.6678466796875,16191300,144.31018840207938,144.8197267354332,143.34007992721791,143.99661254882812,56368300
2021-08-05,135.03491292404775,135.7012372072588,134.20438041159676,135.6031951904297,17870000,278.02642050082994,280.69155102008517,277.2704937547623,280.5849304199219,13900200,144.0260371733782,144.86875375710454,143.2323186955207,144.10443115234375,46397700
2021-08-06,135.39467394944776,135.82312171989452,134.56663215554497,135.0926055908203,20488000,279.60610027686425,280.56553772921,278.7435529938738,280.5267639160156,16589300,143.62357485707724,144.36941102647455,142.9169869178482,143.41748046875,54126800
2021-08-09,135.29566392097962,136.5312574721782,134.69552108517198,136.26153564453125,17760000,280.80783006175807,282.5522672188977,278.92769934256637,279.431640625,16117600,143.47635955368153,143.96704478811583,142.8090348226229,143.368408203125,48908700
2021-08-10,136.68849445684972,137.11695747144506,135.7156522799874,136.1560516357422,19414000,279.88709699676326,280.32322101187015,276.3982231789099,277.5999450683594,18616600,143.7118749573733,144.95821948179562,142.59311336897338,142.8875274658203,69023100
2021-08-11,136.52878693256875,137.02739501004547,135.62311311279728,135.63058471679688,15352000,278.34628575550624,279.7515485393061,277.0379427457206,278.0943298339844,13955900,143.32914770557306,143.98666406649497,142.81883091257257,143.14268493652344,48493500
2021-08-12,135.3284908102748,136.64669715164672,134.78111998935373,136.54119873046875,16506000,277.7841443008925,281.021063007531,277.50308588370405,280.8659973144531,14561300,143.46654431198874,146.27326431640063,143.12305867466128,146.11624145507812,72282600
2021-08-13,136.59693753421325,137.2005580055058,136.3809748009373,137.07215881347656,15948000,280.54614271809214,283.86057886978705,280.3716753608308,283.8121337890625,18249000,146.19472847602927,146.6559736950737,145.50777229059764,146.3223114013672,59375000
2021-08-16,136.8706455188007,137.7041697783725,134.65523896425938,137.6514129638672,22384000,284.14165964558504,285.72135980171606,281.06947823095703,285.5081481933594,22507600,145.77276511297995,148.37340588044512,143.74133599773583,148.30470275878906,103296000
2021-08-17,137.09455209368923,137.60760213542056,135.4344895711395,136.01123046875,21716000,283.3663255302338,284.3742079389231,282.09672730974523,284.0350036621094,20075300,147.43123124885398,148.85421495028555,146.31246989347437,147.39198303222656,92229700
2021-08-18,135.85051374450165,136.45214485908588,134.67762388651653,134.8045196533203,19258000,283.56902704774615,286.2683885255345,281.85034912127685,282.2970275878906,21813000,147.00930937577087,147.91216847248862,143.42729793250948,143.63339233398438,86326000
2021-08-19,133.79583845464464,135.70370932909012,133.61121999580743,135.03440856933594,21782000,280.3161580595009,288.84148108685145,280.2676202301463,288.1617736816406,29850500,142.3281541725026,145.24282558662867,141.80802903559353,143.967041015625,86960300
2021-08-20,135.35288644524337,136.89949307166904,134.60645508617034,136.7755889892578,31194000,291.0261909838644,296.9686668297904,289.41433811840545,295.5315856933594,40817600,144.6932629269492,145.7335132179683,144.04555482987226,145.42929077148438,60549600
2021-08-23,137.31302050167736,140.20419691127913,136.95274343167395,139.3751678466797,28454000,294.45384713322585,296.5414777156917,293.09446184457664,295.813232421875,22830200,145.54703201865243,147.39201304068925,145.13485827480818,146.92095947265625,60131800
2021-08-24,139.94243918319472,141.4039576066751,139.67074315124864,140.58935546875,19268000,296.17248095115406,296.7842117093817,293.2400907116923,293.84210205078125,18175800,146.6657951809347,148.0495309623608,146.37138108229806,146.83262634277344,48606400
2021-08-25,140.9511195496134,141.51293245081183,140.70331138846305,141.4029541015625,15848000,295.4733403838141,295.75493682464673,291.70591011010885,293.2497863769531,20006100,147.0190838087262,147.519592250737,145.04653487560168,145.59609985351562,58991300
2021-08-26,141.07552321093658,141.73984285117388,140.68438784337567,140.7675018310547,20610000,292.2593410592059,293.6575741510151,290.2785355394526,290.4144592285156,17666100,145.58633512151286,146.3419797050803,144.76197243335207,144.79141235351562,48597200
2021-08-27,140.9784742560107,143.82486618585608,140.82371186007694,143.31878662109375,28780000,290.31734813239905,292.1428207230575,288.2199985366875,291.02618408203125,22605700,144.7324895880992,145.9788340786454,144.0946048743713,145.83163452148438,55802400
2021-08-30,143.71289683916544,145.27593475717026,143.4770250398703,143.90249633789062,24434000,292.38564077260276,295.39572740143205,292.3273835166958,294.78399658203125,16348100,146.2241695758551,150.6305274592708,145.84143577124814,150.2674102783203,90956700
2021-08-31,144.4563572184306,144.48073104359895,143.5944805370566,144.0089874267578,22448000,295.58983627527266,295.66750271229165,292.7545223900031,293.1235046386719,26285300,149.81598870433032,149.95337994286723,148.47150125451728,149.00144958496094,86453100
2021-09-01,144.31006164544272,145.55809268141408,144.19411512479778,144.5245361328125,21936000,294.0848845637136,296.3375972692619,292.7449083917516,293.0750427246094,18983800,149.98285372785378,152.0927942907588,149.50197679710354,149.66880798339844,80313700
2021-09-02,144.52503156593625,144.8270847688829,142.50368970947488,142.60520935058594,32342000,293.4343256300039,294.5606523132115,291.47289927339045,292.4147644042969,16285600,151.0034698406252,151.83764073221985,149.56085404781211,150.78756713867188,71115500
2021-09-03,142.3996963220879,143.4690770503106,141.72292401737542,143.05555725097656,19850000,292.2593565497962,293.8226716672976,291.55055018077155,292.405029296875,14747900,150.89549719045843,151.749299563858,150.23798086351027,151.42544555664062,57808700
2021-09-07,143.15011712566266,143.87714056862364,142.93564262833766,143.593994140625,20124000,292.27875000140284,292.3564164397279,289.55026075756587,291.4728088378906,17180400,152.08297672118582,154.33030841689003,151.5137800748948,153.77093505859375,82278300
2021-09-08,143.41434410788645,143.71290448780815,142.31957209422643,143.0072784423828,18344000,291.08437208004165,291.89028348576113,288.8413799138274,291.50189208984375,15046800,154.05552533708556,154.11440516674327,151.11141405800635,152.22036743164062,74420200
2021-09-09,143.15607613822618,143.6238409930003,142.49623642197608,142.85800170898438,15314000,292.0942922848566,293.3760109065936,288.3850897427263,288.6278381347656,19927000,152.59328165383056,153.20172648114232,151.08196292373444,151.19973754882812,57305700
2021-09-10,143.5262839446984,144.0298881380867,140.0683293807008,140.20567321777344,36840000,289.76392129871317,291.2204116894065,286.81209247651026,287.13250732421875,19633400,152.11242604398817,152.58347968661215,145.92978895826295,146.19476318359375,140893200
2021-09-13,141.2740697555955,142.26981270269945,140.5779046748235,141.65525817871094,22094000,288.9191508058804,289.88045467638676,285.5498016305799,288.3753967285156,23652900,147.82382836372247,148.5991043920851,145.97884721713058,146.76394653320312,102404300
2021-09-14,142.31511482955412,142.68087413247122,141.07554235288376,141.8662567138672,19674000,290.87086854644076,292.64780360023934,289.4532260505468,291.0942077636719,21853400,147.54904724190396,148.25563513558592,144.17313063309547,145.36058044433594,109296300
2021-09-15,142.09214833665482,143.76315998173678,140.67492818166792,143.7422637939453,27408000,294.46355422482094,296.4637988441718,293.06532094864116,295.9783020019531,28356300,145.79238629928224,146.65599705539884,143.64318269682568,146.25363159179688,83281300
2021-09-16,143.2655612442223,143.6134008192354,141.72393564031694,142.9266815185547,26190000,294.94905670941716,296.454085096136,292.0360756003799,296.36669921875,19550800,145.67464148744824,146.19476666188248,144.47736826246071,146.0181121826172,68034100
2021-09-17,142.34993679970833,142.7674353957721,139.80161903772358,140.1300506591797,53384000,295.34704185321715,295.6674566004555,290.8416187671995,291.1717529296875,41372500,146.04756618473306,146.04756618473306,143.04455985172558,143.33897399902344,129868800
2021-09-20,137.50410463134253,138.33861588686366,135.6733644328631,138.0594482421875,46518000,287.7345129883881,290.05520185574835,281.1220491144486,285.7633972167969,38278700,141.12107882598275,142.14169754222866,138.63821269534515,140.277099609375,123478900
2021-09-21,139.08452712246012,139.34528907490864,137.62003235533393,138.37144470214844,25332000,287.1131305042579,288.90947478186877,285.5401254460653,286.2489318847656,22364100,141.24865034298253,141.9061817623882,140.1200802460814,140.75796508789062,75834000
2021-09-22,138.64116573837745,140.21662611033688,137.89224384770964,139.61599731445312,25056000,288.12299672562585,291.51175555567767,285.9673893358731,289.9193115234375,26626300,141.75897626590603,143.7020858074547,141.02294833620297,143.13290405273438,76404300
2021-09-23,140.31665427035742,141.0222803318082,139.73344404192838,140.5440673828125,20952000,290.1814524287198,292.17197751848266,288.8997337245694,290.870849609375,18604600,143.91798052970498,144.33997763935906,142.9268016969767,144.09463500976562,64838200
2021-09-24,139.869793451718,141.65327424223068,139.57370839647646,141.53831481933594,22984000,289.57945349834876,291.1038910429422,288.31714394519224,290.6669616699219,14999000,142.94643143467502,144.72270965382597,142.84828839430818,144.18295288085938,53477900
2021-09-27,140.13452783317547,141.26313470256505,139.40103511550925,140.4007568359375,21882000,287.55006565328637,287.87048051053665,284.44287420766045,285.63720703125,23571700,142.75996249414771,143.24083941199348,141.14070721951342,142.6618194580078,74150700
2021-09-28,137.99525571421634,138.43465279850446,134.71593568317124,135.18370056152344,45772000,281.3939510654787,282.3455355207805,274.5484576093365,275.2961120605469,43186200,140.58132931134702,142.05338511565432,139.0503936707916,139.26629638671875,108972300
2021-09-29,136.3282160833576,136.4984076534218,133.2280476280008,133.71421813964844,30848000,276.8302447415665,278.4517872453746,274.8008719413528,275.76214599609375,26353700,139.81583449417113,141.75894358779652,139.3840291456937,140.16912841796875,74602000
2021-09-30,133.622656505888,134.89755184426153,132.92050809949572,133.03993225097656,37996000,277.42256752734704,279.48106917638046,273.45120733984913,273.7425231933594,32343600,140.9836859376015,141.69027387708846,138.64801941682376,138.86392211914062,89056700
2021-10-01,133.80777646067884,136.25906983258642,133.43506190185735,135.893310546875,35360000,273.9367177216679,281.5687430502456,273.13080604828554,280.7142639160156,30086300,139.2564648173922,140.25746689766834,136.51844777297612,139.99249267578125,94639600
2021-10-04,135.31357546219573,135.31357546219573,130.4264483437035,133.02352905273438,51202000,279.0635814947327,279.4034352138225,272.12098251493916,274.89801025390625,31350700,139.1190833806911,139.56071210655347,135.69410975464882,136.5478973388672,98322000
2021-10-05,133.4032141822642,136.57156882234636,133.4032141822642,135.3757781982422,32404000,275.81066347051245,281.97647748818093,275.81066347051245,280.3840637207031,24993000,136.89137056313777,139.59013932235956,136.76378761176298,138.48118591308594,80861100
2021-10-06,134.10882301069495,137.0945481983171,133.9097777020902,136.91043090820312,24364000,277.49048084066203,285.11278463228933,277.22832330148674,284.60784912109375,28002600,136.87174803273044,139.50181384644353,135.79223446768353,139.3546142578125,83221100
2021-10-07,138.23112248140887,139.37565966392003,137.99127188020964,138.5625457763672,25110000,286.61790021974554,288.0355722925851,285.39446836339914,286.2974853515625,20430500,140.39483345627966,141.5332266041183,140.06117114642012,140.62054443359375,61732700
2021-10-08,138.91287261391636,139.66328280927024,138.55508607158956,139.12039184570312,26526000,287.62774191888644,288.0355722925851,285.2391058225794,286.2974853515625,17685700,141.3467614453176,141.49396099877396,139.9041459233565,140.23780822753906,58773200
2021-10-11,138.62921329433456,140.04245467587032,138.1982597915222,138.2530059814453,17954000,284.42349619082785,289.3270026702563,284.2584142186207,285.69549560546875,19298600,139.6195569824435,142.11223095937743,139.16812005497925,140.1494903564453,64452200
2021-10-12,138.81632757309202,138.84320712107439,135.11402671387663,135.7997589111328,36332000,286.7732490189577,286.87035430636377,283.86998760946784,284.3846130371094,17974100,140.56169197186182,140.58132357465212,138.41248818935148,138.8737335205078,73035900
2021-10-13,136.74870263527313,137.34336323308608,135.86940738847895,136.92735290527344,19654000,286.3557028874454,288.65695279146564,284.97687904912493,287.715087890625,23416300,138.6087661510849,138.7657740406363,136.60676207042818,138.284912109375,78762700
2021-10-14,138.8103477480198,140.66497565835041,138.16443378285194,140.4793701171875,31894000,290.53096683103433,294.4731982060417,289.19099101376537,293.9682922363281,27262900,139.46254720881987,141.19957699805144,138.87371898295444,141.08180236816406,69907100
2021-10-15,140.9406758382608,141.04368373195877,140.08526840258062,140.69534301757812,30274000,293.5702328432472,295.61904496704665,291.8030171906076,295.385986328125,25384800,141.0916496611523,142.20058821172304,140.83648373175217,142.14170837402344,67940300
2021-10-18,140.4052365530088,142.11655251033784,140.39826609427354,142.0986328125,20396000,294.7645202263626,299.2699149069707,293.9100411578753,298.3766174316406,22729300,140.7775702194293,144.10441502439815,140.49297941378114,143.81982421875,85589200
2021-10-19,142.705247055176,142.9789476935231,141.92150315879596,142.5554656982422,20164000,299.4058516370183,300.3282776825518,298.3086242408921,299.2893371582031,17682100,144.27126443259647,146.39102819802582,143.81984241142754,145.98866271972656,76378900
2021-10-20,142.655971324654,142.86298940127006,140.7038024036655,141.0944366455078,23288000,300.24097149080916,300.7167785820507,297.2308849157698,298.4931945800781,16537100,145.92977457496073,146.96021648343887,145.36057794956784,146.47933959960938,58418800
2021-10-21,141.0944288032196,141.47959599698243,139.8314697814444,141.21087646484375,26292000,298.26013847986417,301.99844040130466,297.4736063458333,301.7460021972656,16918100,146.03776543753057,146.85230488182134,145.1152746217187,146.69528198242188,61421000
2021-10-22,138.48788774197112,139.91406787765993,135.4086155032677,136.91192626953125,50588000,301.3964053856401,302.06639333549975,298.87181611698935,300.1923828125,17449300,146.90135341600217,147.38221538017035,145.87091138995885,145.91998291015625,58883400
2021-10-25,136.89550600929624,137.34336176040858,134.77961499839506,136.79299926757812,34412000,300.38656389761695,300.425411938426,297.5706884026041,299.1922607421875,17554500,145.91012834998406,146.5872762498157,144.86987823265756,145.87088012695312,50720600
2021-10-26,138.60086108273072,139.4164503216993,137.6464245564592,138.64564514160156,49236000,301.9790362502908,303.3384214837848,299.6486573311045,301.1148376464844,28107300,146.54803157896646,148.02989537029094,146.2339858890175,146.53822326660156,60893400
2021-10-27,138.7416746268211,147.9426797249673,138.7416746268211,145.52175903320312,85782000,306.8339533893283,316.6409939019804,306.8339533893283,313.7959899902344,52588700,146.57747407165155,146.94057630434148,145.72368667066797,146.0769805908203,56094900
2021-10-28,146.43440448452932,146.4577912079441,143.93882848959854,145.15501403808594,36206000,314.92233362468943,315.44667845305815,312.03848151721985,314.9417724609375,26297900,147.0289379884622,150.316520234439,146.93079494698944,149.7277069091797,100077900
2021-10-29,144.38768811776507,147.53663452924428,143.96122969299242,147.34156799316406,43320000,314.7282420910455,322.36995896755946,314.50490283735667,322.0009765625,34766000,144.47738510205878,147.14671440910357,143.6824772890284,147.0093231201172,124953200
2021-11-01,147.34155944199966,147.34155944199966,142.54398596575396,142.81419372558594,46924000,321.7483992181689,321.874633117205,316.90315102587124,319.8161315917969,27073200,146.21442222208498,146.91118701542294,145.04658872320596,146.1849822998047,74588300
2021-11-02,143.8915557038086,145.91139413679633,143.6487134318496,144.74049377441406,33482000,320.72892325182636,323.7778576608119,320.42791757863046,323.4671325683594,26487100,145.89052488768692,148.7463162991763,145.8807016001512,147.22518920898438,69122000
2021-11-03,145.20629121927178,145.97114350363844,143.90302787782312,145.90048217773438,27494000,324.2147538453636,325.18574743557576,321.05902467717414,324.3118591308594,21500100,147.5882723718717,149.138839175091,147.02889911205486,148.66778564453125,54511500
2021-11-04,146.42444502422165,149.0210395628188,145.61183230162575,147.56201171875,38412000,323.23413624995106,326.77825764900746,319.9521725059489,326.68115234375,23992200,148.75613470689277,149.5902906052328,147.8336440873552,148.14768981933594,60394600
2021-11-05,148.4597167387127,149.61221148430093,147.49185562711088,148.14373779296875,38354000,328.6910494183782,328.96292643810557,324.7196891937592,326.3121032714844,22570100,149.2779007467471,149.5825671827827,147.47937001529485,148.6783905029297,65463900
2021-11-08,149.11209726310418,149.8983467767936,147.7242318662626,148.32188415527344,23052000,327.51618513997283,327.8560388842591,324.73915719511893,327.2151794433594,20897000,148.80617943770554,148.9634314889483,147.577675905586,147.8528594970703,55020900
2021-11-09,148.5229176061689,149.12155699209504,146.54437039574856,148.2099151611328,19530000,327.331648801366,328.89496395648536,324.8264982710298,326.205322265625,21307400,147.6169509817295,148.82579400908614,147.47935921435865,148.21646118164062,56787900
2021-11-10,146.79818807657054,147.36548327918536,143.84978986510066,145.19932556152344,29970000,324.8653463513802,324.92360359867104,320.3502318920936,321.2046813964844,25500900,147.44005113894966,147.54816002545584,145.3073712836708,145.37615966796875,65187100
2021-11-11,145.79247347289703,146.83350160452082,144.9076959932882,145.07290649414062,16518000,321.64161873709384,324.08851185575685,320.9230929806138,322.7873840332031,16849800,146.3983080486063,146.86021155645847,145.14030669919578,145.32704162597656,41000000
2021-11-12,145.91786437465117,148.14174439297312,144.71909735662823,147.97055053710938,22360000,324.23417186940327,327.448158076111,324.10793796959894,326.95294189453125,23831000,145.87738357535494,147.8135059084211,144.94372409915425,147.4105682373047,63804000
2021-11-15,148.19200352635517,148.83791753921437,146.8728099950018,147.74563598632812,23508000,327.7492002091939,328.07933448956584,324.34100306430065,326.32183837890625,16723000,147.78404236912726,149.26808409571646,146.86020539939403,147.42041015625,59222800
2021-11-16,147.4445757053599,148.05465028259903,146.61155275810987,147.17237854003906,18904000,325.9431865849126,330.7884657213054,325.77813423562105,329.662109375,20886800,147.36141469432596,148.88476162488783,146.771727173987,148.40318298339844,59256200
2021-11-17,147.3231518704208,147.8526181995971,146.53940806481458,147.34255981445312,19594000,329.7106507204873,332.872153072299,328.79624458842125,329.8857421875,19053400,148.40321853171864,152.33442961865157,148.39339590269816,150.85040283203125,88807000
2021-11-18,147.53616303101114,149.8640384889797,147.18086699401806,149.1255645751953,35608000,328.97137790759274,333.12512514075434,327.94024399966935,331.97723388671875,22463500,151.06658220398245,155.9412743134846,150.4179289405513,155.155029296875,137827700
2021-11-19,149.261884915546,150.24818207871883,148.19051474348757,148.21788024902344,33682000,333.30994693317655,335.7029529636877,332.8819257327162,333.7671203613281,21963400,154.9388492026231,158.250904703225,153.83811490964536,157.7889862060547,117305600
2021-11-22,148.62194801430306,149.11657722814311,145.45210536092236,145.60586547851562,30594000,335.2359926275546,340.14849893917426,330.3040416031067,330.576416015625,31031100,158.89952335376228,162.85039415850727,158.23122475801478,158.25088500976562,117467900
2021-11-23,145.45757001266105,145.962161355265,143.42927287777465,145.0883331298828,27218000,327.87213546649167,330.20680734992084,324.4771774711079,328.4849853515625,30427600,158.34917984431854,159.0174935359154,156.3246085076116,158.6342010498047,96041900
2021-11-24,144.78132011924203,145.55362881662504,143.6860619811136,145.42474365234375,18040000,327.12315062960613,328.9519632937465,324.81769008325955,328.7087707519531,21661300,157.98556772889597,159.35166317347716,156.89465589931083,159.1551055908203,69463600
2021-11-26,143.66166278037056,143.86966796123565,141.1675900002718,141.5064697265625,30470000,325.24569992527694,328.72820393952577,319.1853313091534,320.7028503417969,24217200,156.82584169085234,157.69069791152225,153.67103827148128,154.11329650878906,76959800
2021-11-29,143.31482328625978,145.6013919944029,143.20882371408464,144.83804321289062,32596000,325.8195480117732,329.79817328336776,325.62498215992883,327.4635314941406,28563500,156.6292653970327,158.417973553797,156.05923801728514,157.48431396484375,88748200
2021-11-30,144.31852565043738,145.30530878621673,140.9277390064455,141.2223358154297,42068000,326.18928713277177,328.5822933404473,320.0316355850728,321.58807373046875,42885600,157.23862543740984,162.6735237240053,157.16982204311796,162.45730590820312,174048100
2021-12-01,143.31481246492976,145.2560319905602,140.24150848223852,140.38034057617188,34020000,326.0044873854462,330.04147784635467,320.42079584278883,321.09197998046875,33337600,164.59980373493542,167.37131474483905,161.70053856245917,161.93641662597656,152052500
2021-12-02,140.57789783145594,143.17995934258195,139.54731782673127,142.28573608398438,29194000,321.30597735654595,324.4091165938633,318.8740519158013,320.5180358886719,30766000,156.01012719413941,161.3762222672704,155.08629013119497,160.94378662109375,136739200
2021-12-03,142.99734930425885,143.7129223894223,139.6334268670618,141.32583618164062,41230000,322.9499339831109,323.64062212414194,309.3700717841347,314.2144775390625,41779300,161.19929553834072,162.12313243269475,156.97324112607134,159.05677795410156,118023100
2021-12-06,142.35988929939927,143.1680221618852,139.48313980383537,142.47384643554688,30618000,315.1288962489507,318.5335917121706,310.53742003680196,317.3078918457031,30032600,161.46462826318137,164.99290090063192,161.45480563613842,162.4769287109375,107497000
2021-12-07,144.90371251975077,146.82901692453825,144.53646503259998,146.56875610351562,32240000,322.60945597891174,326.65615304128755,321.11138187163976,325.8001403808594,31021900,166.17226851871695,168.62927506471814,165.44498918240458,168.23614501953125,120405400
2021-12-08,146.8942104886106,147.6869293703325,145.7093842979604,147.4813995361328,24270000,326.17952365557323,326.36435234032024,321.7923212227663,325.8487854003906,24761000,169.16985694773143,172.93399360891482,167.76444109423116,172.06912231445312,116998900
2021-12-09,146.88873004760978,148.3905525366859,146.4149970350233,146.93600463867188,23270000,325.30401993120887,327.3273684732717,323.0763683143852,324.0296936035156,22214200,171.9020008134574,173.71035393992497,170.9290208721844,171.55801391601562,108923700
2021-12-10,147.99244969140912,148.26862564075446,146.00594491114614,147.29727172851562,24458000,325.85850760694785,333.6601123753168,325.6736789307053,333.212646484375,38095700,172.19683382886083,176.54081910970555,171.6857723262979,176.36390686035156,115402700
2021-12-13,147.07832912609447,147.2659392631252,144.82510920852434,145.1326446533203,27070000,331.40328654019635,334.42861676910195,329.84684855560926,330.15814208984375,28899400,178.00522669948663,178.99786706027314,172.51136300579722,172.71775817871094,153237000
2021-12-14,143.28298915319172,143.7925464490647,140.543082230658,143.22227478027344,38446000,324.14644522036787,325.5277917874379,315.2844944098965,319.3993225097656,44438700,172.23616209992724,174.68334606426572,169.248448682449,171.3319854736328,139380400
2021-12-15,142.7266158271978,146.02285286691162,141.00384962279682,145.7441864013672,36370000,319.6619364552254,326.06277969983233,315.6638659922189,325.5374755859375,35381100,172.09857661870694,176.41307975206385,169.34672613583356,176.21652221679688,131063300
2021-12-16,146.4702315616712,146.97432176442135,142.92368044490732,143.75770568847656,33650000,326.56865175470983,327.59007820230164,314.2241964404909,316.0530090332031,35034800,176.19683973657683,178.02485307706942,167.8135351956214,169.2975616455078,150185800
2021-12-17,141.82195020720084,143.15010348909559,140.62766313742964,141.05064392089844,50416000,312.14249890128,316.07249872552893,308.6113384116797,314.98297119140625,47750300,167.00765577116044,170.48678573043304,166.77179272061935,168.1968536376953,195432700
2021-12-20,139.33384883079916,141.09991095324537,138.65807881354345,140.93319702148438,27192000,311.3350249012845,314.0101423864705,308.922574314058,311.1988525390625,28326500,165.38602841932968,167.64647750919124,164.58013804602012,166.83074951171875,107499100
2021-12-21,141.37757108055172,143.18443842835646,139.83395623082816,142.78982543945312,28756000,314.48678905516573,318.80588978295987,311.0918019197525,318.37786865234375,24740600,168.60961436850548,170.22141005857458,166.21157358651485,170.01502990722656,91185900
2021-12-22,142.386747430513,145.80290972192765,142.386747430513,145.7183074951172,26322000,319.3604168478635,324.52582378306886,316.8798649294973,324.12701416015625,24831500,170.06415307573488,172.83566356965642,169.18945937305884,172.61944580078125,92135300
2021-12-23,145.80293088513884,147.53813480597037,145.75515514574224,146.2174530029297,26384000,323.68917902983117,327.2300756585593,323.66973431931257,325.57635498046875,19617800,172.82586089930805,173.80866359990947,172.25583353339374,173.2484588623047,68356600
2021-12-27,146.55532601949932,147.6381465673,146.46923553683405,147.20272827148438,15976000,326.32540920510417,333.1542734646734,326.29622729316515,333.1250915527344,19947000,174.0445345083678,177.3172694486978,174.02488925086175,177.22882080078125,74919600
2021-12-28,147.53065445426495,147.59335821023151,145.35954639528723,145.98902893066406,18200000,333.80605142857513,334.44808325225506,331.0531251278716,331.9577941894531,15661500,177.0617287998104,178.2116060992947,175.45975568348982,176.20668029785156,79144300
2021-12-29,145.9467357429029,146.7155667093918,144.95448562894353,145.95718383789062,17788000,332.0064086237529,334.9247187951422,330.4305258810565,332.63873291015625,15042000,176.2460228777558,177.52366948045372,175.076485179818,176.295166015625,62348900
2021-12-30,145.99600389046415,146.5991232280735,145.29983879730824,145.50485229492188,15688000,332.59976224310805,333.7865427163204,329.59390679487103,330.0802917480469,15994500,176.38360063165865,177.46468959324108,175.02732811556052,175.13543701171875,59773000
2021-12-31,145.35507858168188,146.00049147841654,144.16278076171875,144.16278076171875,18136000,329.2924172414744,330.1192480801944,326.7048452037269,327.16204833984375,18000800,175.02734303358918,176.1477376000055,174.21161492875567,174.51629638671875,64062300
