Ticker,AAPL,AAPL,AAPL,AAPL,AAPL,MSFT,MSFT,MSFT,MSFT,MSFT
Price,Open,High,Low,Close,Volume,Open,High,Low,Close,Volume
Date,,,,,,,,,,
2020-01-02,71.72100391407992,72.77658292273667,71.46679725362982,72.71605682373047,135480400,151.5668495220527,153.42826088554256,151.1372952944172,153.32325744628906,22622100
2020-01-03,71.94133580542943,72.7717522953066,71.78396939069293,72.00912475585938,146322800,151.12776374356721,152.68370535175205,150.87956583671692,151.41412353515625,21116200
2020-01-06,71.1278883899667,72.62166912803592,70.87609762256045,72.58293151855469,118387200,149.94405466189505,151.87229267766048,149.39994205440817,151.8054656982422,20813700
2020-01-07,72.59259363206662,72.84922374466596,72.02123070618616,72.24154663085938,108872000,152.0823464607139,152.41643776412104,150.17320335916705,150.42138671875,21634100
2020-01-08,71.94373641368738,73.70625595472642,71.94373641368738,73.40362548828125,132079200,151.71001553116633,153.4950738351807,150.7745396996867,152.81732177734375,27746500
2020-01-09,74.38415834268419,75.15647202012606,74.13237506994084,74.9627914428711,170108400,154.48782810310033,154.85056988722462,153.7146276185013,154.72647094726562,21385000
2020-01-10,75.19763610714092,75.69879404161257,74.62868922900458,75.13226318359375,140644800,155.42331996085537,155.8051426887704,153.85780890583482,154.0105438232422,20725900
2020-01-13,75.44943665950792,76.76406209011934,75.33080045122755,76.7374267578125,121532000,154.41150429433944,155.89109325953706,153.93421847108908,155.86245727539062,21626500
2020-01-14,76.67446681398555,76.88509646087522,75.57773417210761,75.70120239257812,161954400,155.96741840076578,156.1678848009803,154.37328593172,154.76466369628906,23477400
2020-01-15,75.50027617412253,76.38395596192076,74.94343149157285,75.37680053710938,121923600,155.23239486645008,156.49243609343492,155.18467794940653,155.76695251464844,21417900
2020-01-16,75.92154348740286,76.4323877854954,75.55838676505513,76.32101440429688,108829200,156.8838421156046,158.68798178601898,156.57837222412832,158.62115478515625,23865400
2020-01-17,76.57035717765905,77.16835535095495,76.26288724448004,77.16593933105469,137816400,159.81436645335992,159.8620979437721,157.91476383355945,159.5089111328125,34371700
2020-01-21,76.79310129941813,77.23614913553814,76.5049964495613,76.64299774169922,110843200,159.1079578324649,160.54937000352857,158.86931497665745,158.93614196777344,29517200
2020-01-22,77.12961824131806,77.47098633963294,76.82214830621916,76.91657257080078,101832400,159.79522306250607,159.88114554574426,158.15335933042016,158.17245483398438,24138800
2020-01-23,76.96984634011159,77.3668937772688,76.42026453610515,77.28700256347656,104472000,158.64022699310001,159.22251614329255,157.76202303250872,159.14614868164062,19680800
2020-01-24,77.53396093858308,78.27963949778808,76.87301303795586,77.06427764892578,146537600,159.90025784938828,159.91935335669822,156.97927155195472,157.54246520996094,24918100
2020-01-27,75.06690438729518,75.48090092368226,73.81280512269632,74.79817199707031,161940000,153.82921208935088,155.95791730790526,152.9223719554986,154.9078826904297,32078100
2020-01-28,75.68185845150586,77.08606141566885,75.5825947326495,76.91416931152344,162234000,156.33967216240634,158.22971908653386,155.66193475764177,157.943359375,24899900
2020-01-29,78.5507976259598,79.37395133976464,77.80753513570895,78.52416229248047,216229200,160.21527757735336,161.08394114088054,158.16295467202275,160.40618896484375,34754500
2020-01-30,77.60417282727558,78.46364078408652,77.17080373518314,78.4103775024414,126743200,166.14318767976638,166.14318767976638,163.03127498323494,164.93087768554688,51597500
2020-01-31,77.69857485901245,78.12225762194025,74.63837863048332,74.93374633789062,199588400,164.386735306438,164.56809162420643,161.876208045128,162.49667358398438,36142700
2020-02-03,73.67235689497693,75.89729664814452,73.1687830558844,74.72793579101562,173788400,162.6876216573005,166.57273484253994,162.6589856761577,166.45819091796875,30107000
2020-02-04,76.33794039127015,77.38625661675313,75.93120675854502,77.19499206542969,136616400,169.09277453982233,172.43377438699721,168.300478542477,171.93739318847656,36433300
2020-02-05,78.32560570846216,78.6258201613122,77.21919431624794,77.82445526123047,118826800,175.6698177861172,175.83209321708327,170.30512982902385,171.72743225097656,39186300
2020-02-06,78.09562750675829,78.73720276650342,77.53636686633509,78.73477935791016,105425600,172.74880025877843,175.46933477716024,171.8801367244904,175.2879638671875,27751400
2020-02-07,78.23242636976711,78.48238543817546,77.17192034743294,77.66455841064453,117684000,174.5433698005128,177.19707687616415,174.19016851132312,175.53611755371094,33529100
2020-02-10,76.24488144952362,78.0334243774414,76.16480064339702,78.0334243774414,109348800,175.24025317908172,180.2612944684635,174.92524280841616,180.12765502929688,35844300
2020-02-11,78.53093164624849,78.60373238920275,77.34422769426291,77.56263732910156,94323200,181.98906920689086,182.03680069987925,175.16388811214267,176.06118774414062,53159900
2020-02-12,78.01401820106558,79.409422447038,78.01401820106558,79.40457153320312,113730400,177.1493505765325,177.40708891604868,173.58880356571652,176.31887817382812,47062900
2020-02-13,78.6740990287421,79.16673706133996,78.4702495744921,78.83911895751953,94747600,174.7629189963334,177.76981282779755,174.562452610288,175.3643035888672,35295800
2020-02-14,78.80759834748271,79.10852542853588,78.34893875905203,78.85856628417969,80113600,174.92523403532266,176.98711204957445,174.35248528727305,176.92984008789062,23149500
2020-02-18,76.53125657811528,77.59662109183667,76.34924730268484,77.41461181640625,152531200,177.17799477429256,179.17304546668734,177.0729913396611,178.72439575195312,27792200
2020-02-19,77.65727746459481,78.76632223582008,77.65727746459481,78.53577423095703,93984000,180.00700463143806,180.12186138936497,178.48509416736147,179.26040649414062,29997500
2020-02-20,78.29554123010857,78.78575023333428,77.22289659591061,77.73009490966797,100566000,178.94456451309836,179.23172105937135,173.3450775850241,176.5229034423828,36862400
2020-02-21,77.32238114469776,77.76648785830864,75.35182886622782,75.97065734863281,129554000,175.3264154675454,175.6422861817176,169.659919486155,170.94253540039062,48572600
2020-02-24,72.13876186738017,73.81809639904387,70.19004979476811,72.36202239990234,222195200,160.58588776840844,167.0755587186096,156.24028793473119,163.57228088378906,68311100
2020-02-25,73.03426594239946,73.41769559790279,69.4377605020185,69.91098022460938,230673600,166.7405587643012,167.3531526661857,160.47103414954202,160.87306213378906,68073300
2020-02-26,69.53482499231708,72.28923357582319,69.5275449173606,71.02001953125,198054800,162.44280838105968,165.8407811816889,161.00704028883158,162.8831024169922,56206100
2020-02-27,68.21706677109698,69.4061923618355,66.24165620285358,66.37755584716797,320605600,156.3264531113094,159.8775783821667,151.2151070725782,151.4065399169922,93174900
2020-02-28,62.431610947009084,67.56427105877654,62.21562305087625,66.33873748779297,426510000,145.88361772869663,156.69974059416424,145.49117093338563,155.07252502441406,97012700
2020-03-02,68.50342446012388,73.15315476053108,67.39680886693866,72.51490783691406,341397200,158.2312217343884,165.51535283207693,155.35968539530575,165.3909149169922,71030800
2020-03-03,73.69432034529686,73.77440114053802,69.35764126776101,70.21187591552734,319475600,166.35766803966655,167.50627960732479,155.31181719397168,157.46546936035156,71677000
2020-03-04,71.93977581539738,73.62881987433597,71.13650877871662,73.4686508178711,219178400,161.2750102864945,163.3903665867544,158.5278980672671,163.24679565429688,49814400
2020-03-05,71.71650798671432,72.69450423193115,70.7191006767236,71.0855484008789,187572800,158.93950499469216,163.55309812253418,158.59492012413824,159.15008544921875,47817300
2020-03-06,68.43547696188391,70.57590748684923,68.24861680086957,70.14151000976562,226176800,155.64679587978276,156.12538512797033,149.31984543452745,154.65133666992188,72821100
2020-03-09,64.00660075736148,67.48661751740467,63.824591466108316,64.59388732910156,286744800,144.53399016435162,150.99494667832099,143.57681142154135,144.17025756835938,70419300
2020-03-10,67.25606172575357,69.51297346708441,65.37044115282052,69.24602508544922,285290000,151.38738218810445,154.13448030155593,146.04632344854542,154.02919006347656,65354400
2020-03-11,67.31673591637701,68.24619329059158,65.9747138459021,66.84107971191406,255598800,150.40150197475725,150.9470862685925,144.67756252194508,147.05137634277344,56371600
2020-03-12,62.11127620771815,65.52334303397203,60.184403971944676,60.24021911621094,418474000,139.07808679635838,146.89823607785505,132.64584389604912,133.10528564453125,93226400
2020-03-13,64.28325788918951,67.93072375869788,61.38566570157223,67.4574966430664,370732000,141.18383651086268,154.97678295935205,134.70373362014425,152.02867126464844,92727400
2020-03-16,58.716182706946256,62.87327141626091,58.242959402399286,58.77928161621094,322423600,134.00501978335495,142.95464658961282,129.2191262196637,129.6211395263672,87905900
2020-03-17,60.06549231026202,62.5165485741774,57.854685943845006,61.363826751708984,324056000,134.0050004101769,141.18383971786494,129.21910753838486,140.29367065429688,81059800
2020-03-18,58.18715696326524,60.66976261253334,57.54405525777932,59.86164093017578,300233600,132.09064047139663,139.74806890452106,129.23825246956574,134.3878631591797,81593200
2020-03-19,60.03636945225578,61.358969521399985,58.87636390068454,59.402976989746094,271857200,136.6563663563019,143.72033312513102,133.04779964337354,136.59893798828125,85922700
2020-03-20,59.98539501929856,61.11385462075303,55.330813454385684,55.631736755371094,401693200,139.7480961231457,140.80099857992752,130.0423042779866,131.468505859375,84866200
2020-03-23,55.35022704591594,55.452151782075894,51.59598260057971,54.449886322021484,336752800,131.14304312122096,134.55061142383002,126.84532027961379,130.1571502685547,78975200
2020-03-24,57.359609676283746,60.10916324280381,56.85969151927787,59.912593841552734,287531200,137.59445259067172,143.1939544165174,135.22065325461648,141.98789978027344,82516700
2020-03-25,60.851767993758266,62.67186075528643,59.28648895944169,59.582557678222656,303602000,142.5334834948533,147.72139028792844,138.2548935442496,140.62869262695312,75638200
2020-03-26,59.82523808416542,62.77621240154902,59.78640854897909,62.71797180175781,252087200,142.04534553468753,149.9516527417924,142.0166313355898,149.42520141601562,64568100
2020-03-27,61.33713193576896,62.09428941209689,59.953862045174255,60.12131118774414,204216800,145.25190790928184,148.25744927455642,142.81109862794864,143.28968811035156,57042300
2020-03-30,60.84933827038797,62.0093436795025,60.52414557218957,61.837039947509766,167976400,145.91232801235856,153.72290995842877,143.58637610247226,153.36874389648438,63420300
2020-03-31,62.02875857181586,63.70081315714961,61.15511262455559,61.710845947265625,197002000,152.57428483607072,157.72391111486942,149.85590072827637,150.9566650390625,77927200
2020-04-01,59.82038104472191,60.35912878890937,58.031837774101646,58.46380615234375,176218400,146.4483546017773,150.99495384595014,144.36171185398587,145.59646606445312,57969900
2020-04-02,58.32547341461665,59.49275888105111,57.49065701285396,59.439369201660156,165934000,145.35715532805682,148.82213748544504,143.92138730411529,148.61155700683594,49630700
2020-04-03,58.92247157470053,59.62623930857482,57.99301040837071,58.585147857666016,129880000,148.45843424740835,150.64080069189777,145.67304049930848,147.24281311035156,41243300
2020-04-06,60.88816303362977,63.851271716138356,60.51929359909339,63.695960998535156,201820400,153.45491515825577,159.37027324467843,150.83223993821088,158.1929473876953,67111700
2020-04-07,65.7174610200914,65.93587801423655,62.853852184130766,62.95820236206055,202887200,162.32794813884126,162.7203949496014,156.26900462130646,156.48916625976562,62769000
2020-04-08,63.76148528714011,64.88509036892265,63.395044991841544,64.56961059570312,168895200,158.5757842260487,159.532962870213,156.4987083208587,158.0589141845703,48318200
2020-04-09,65.2078757268952,65.54034490177258,64.2371593478181,65.03556823730469,161834800,159.23625593654953,160.20300120701708,156.33600551975834,158.06849670410156,51385100
2020-04-13,65.1131997931994,66.42124311579434,64.5113532264987,66.3120346069336,131022800,157.31230661980788,158.48006566440998,155.3500875953282,158.42262268066406,41905300
2020-04-14,67.95012658868427,69.95222853281514,67.47689953040836,69.6610107421875,194994800,161.7631658447681,166.30976370135184,160.80598734864523,166.26190185546875,52874300
2020-04-15,68.5325465687292,69.48627323972364,68.10300741459568,69.02518463134766,131154400,163.8689930811695,166.13751656730375,161.99293097885268,164.51988220214844,40940800
2020-04-16,69.74111095168836,69.94010956261418,68.52043554980419,69.57366180419922,157125200,166.83626285245634,169.68865150302491,165.49620380864962,169.45892333984375,50479600
2020-04-17,69.08829799292641,69.63675500516926,67.1881169210457,68.62963104248047,215250000,171.81358822458955,172.29217760683073,168.33902463579403,170.95213317871094,52765600
2020-04-20,67.45265367496387,68.35784190926253,67.18570520408012,67.20511627197266,130015200,169.06648305481082,171.09569728029905,167.4967105283148,167.56370544433594,36669600
2020-04-21,67.0473614677832,67.28276042085989,64.41429253639382,65.12776947021484,180991600,166.07047997263564,166.2331985750058,158.99693100643162,160.6337127685547,56203700
2020-04-22,66.39940158614417,67.4404966317663,66.05723069304202,67.00367736816406,116862400,164.0508501636032,166.54908705362305,163.5052659215048,166.0896453857422,34620200
2020-04-23,66.94786041444767,68.37481424450658,66.7051813931717,66.74401092529297,124814400,166.65438768105864,167.56370454484113,163.59141869523893,164.07957458496094,32790800
2020-04-24,67.27062788736906,68.68059241326806,67.22208912055947,68.67088317871094,126161200,164.6921961079911,167.08514331310639,163.40001338046326,167.07557678222656,34277600
2020-04-27,68.38694490813113,69.05189045933044,67.93799464568525,68.71942138671875,117087600,169.02822824261273,169.3249513819483,165.87911590546162,166.5970001220703,33194400
2020-04-28,69.18294368703222,69.36495298340253,67.51331796268283,67.60552978515625,112004800,168.07103647361475,168.14761253686197,162.136530323167,162.53854370117188,34392700
2020-04-29,69.0979975124322,70.29683242001799,68.89414803177873,69.82603454589844,137280800,165.8024703042758,170.0714784764079,164.51985454711578,169.83218383789062,51286600
2020-04-30,70.36721610873765,71.47626115798072,69.976506388418,71.29910278320312,183064000,172.2921755306454,172.67504118966917,168.6836075425225,171.5360107421875,53875900
2020-05-01,69.46686565282405,72.56102298757865,69.3697955313602,70.1512222290039,240616800,168.27202178019542,170.99040583781405,166.55866369356815,167.09469604492188,39370500
2020-05-04,70.17550415897956,71.27241079901312,69.4838673851674,71.14379119873047,133568000,167.01812031538887,171.33499108993863,166.3576646609175,171.1818389892578,30372900
2020-05-05,71.60486560646302,73.04637946818022,71.4592567243347,72.21156311035156,147751200,172.8856031171392,175.78585325867564,172.19643332059715,173.0196075439453,36839200
2020-05-06,72.9153300566067,73.58997737842726,72.52947133643356,72.95658874511719,142333600,174.28307944064966,176.31229337796827,173.85235199617549,174.72337341308594,32139300
2020-05-07,73.58514378532654,74.05837090774547,73.28179496479571,73.71133422851562,115215200,176.2836061355487,176.64733872911614,174.76169544991922,175.73802185058594,28316000
2020-05-08,74.3732060857613,75.51931637355732,74.04470105585122,75.46578216552734,133838400,177.05894613748865,177.07809380470667,175.5083210168157,176.77178955078125,30877800
2020-05-11,74.97179952522458,77.14965158521665,74.76252676945559,76.65325164794922,145946400,175.30724812908147,179.48054725173307,175.02010624423164,178.7435302734375,30892700
2020-05-12,77.3394571152635,77.79206581684177,75.65557660011677,75.7772445678711,162301200,178.80097625310097,179.0306897835958,174.49367229167643,174.69467163085938,32038200
2020-05-13,75.95730873840742,76.88198972405412,73.78188493945902,74.86229705810547,200622400,174.73294399812772,176.16871179662442,168.9802916713709,172.05284118652344,44711500
2020-05-14,74.09824769573883,75.38306147799402,73.3731037427669,75.32222747802734,158929200,169.93749943228426,172.95262109094764,168.1571464717192,172.79946899414062,41873900
2020-05-15,73.08595077247826,74.92313414173562,73.05188017652294,74.87689971923828,166348400,171.3923954473315,179.0498241431516,169.4206098950196,175.31683349609375,46610400
2020-05-18,76.20550920779705,77.01581451007397,75.51200038814163,76.64107513427734,135178400,177.7959394259672,178.22666690995933,176.0825960188385,176.99191284179688,35264500
2020-05-19,76.65814338759236,77.50738369119736,76.1666073178484,76.1982421875,101729600,177.1067833021555,178.60956095328046,175.63273445054617,175.76673889160156,26799100
2020-05-20,77.05961894056877,77.75069207639052,77.02068430144911,77.68013000488281,111504800,177.38886870679679,178.38711523926915,176.5538086361456,178.20474243164062,31261300
2020-05-21,77.54143540411926,78.08407725078851,76.86252601832638,77.10099792480469,102688800,177.9551494380042,179.17415595112675,175.9298771279143,176.0642547607422,29119500
2020-05-22,76.83819007988166,77.68013781166567,76.73599313969208,77.59740447998047,81803200,175.83394009805284,177.0529468789474,175.21003230096608,176.14108276367188,20826900
2020-05-26,78.71917419280368,78.89924040659268,77.01582266467501,77.07179260253906,125522000,178.85743991305102,179.0110185646772,173.8278635638584,174.27899169921875,36073600
2020-05-27,76.92822809774341,77.55359582351838,76.1860490206754,77.4075927734375,112945200,172.96397291656262,174.6821027430199,169.50854156521802,174.5093231201172,39517100
2020-05-28,77.08153336599706,78.70458757066594,76.80413421876992,77.4416732788086,133560800,173.48228225914846,176.7553405346038,173.13673768904587,174.1157684326172,33810200
2020-05-29,77.68500333141107,78.14734015890691,77.00852967618476,77.3662338256836,153532400,175.39237153809773,176.870540186914,173.16554003905907,175.89149475097656,42130400
2020-06-01,77.32000143580059,78.43934833911615,77.18859793786604,78.31768035888672,80791200,175.2099944595918,175.65152933826198,174.17337537170522,175.4883575439453,22622400
2020-06-02,78.05001280060178,78.70458715753213,77.60713955055513,78.68025207519531,87642800,176.85136234882526,177.5712457776536,174.0678189491154,177.48486328125,30794600
2020-06-03,79.00144035927285,79.37617975384588,78.42716372886015,79.11337280273438,104491200,177.39849940314627,178.4735207496143,176.2082867366514,177.91680908203125,27311000
2020-06-04,78.93575218035002,79.23505064541881,78.05730554159499,78.43204498291016,87560400,176.89934289398556,178.37749696814225,174.97965390901788,175.5747528076172,28761800
2020-06-05,78.68267663769132,80.72669702130025,78.65347751344345,80.66586303710938,137250400,175.2867872856692,180.19159296941456,174.70128159029224,179.68287658691406,39893600
2020-06-08,80.36170821177842,81.17688523826865,79.64873556537788,81.14281463623047,95654400,178.47351862015495,180.97871377135425,177.0337516285707,180.7963409423828,33211600
2020-06-09,80.82162118115251,84.09934991444446,80.78998631354557,83.70514678955078,147712400,180.45075909258605,183.04233621417097,179.7404689171917,182.17848205566406,29783900
2020-06-10,84.65658514258793,86.32830212094579,84.21614761710595,85.8586654663086,166651600,183.45507221486773,190.54832202944823,183.3398809229258,188.93577575683594,43872300
2020-06-11,84.99968556796321,85.42552350785493,81.63435243044103,81.7365493774414,201662400,185.37478704113605,187.89916830840505,178.59828670019016,178.79025268554688,52854700
2020-06-12,83.88276702365586,84.63223846471662,81.32773960827684,82.44221496582031,200146000,182.88877062323658,184.02139478658034,177.7440033475555,180.2012176513672,43373600
2020-06-15,81.0917097169114,84.11637395651466,80.9286713541559,83.46179962158203,138808800,177.1680897119196,183.1575243313192,176.62097134724394,181.35301208496094,32770200
2020-06-16,85.52286182278011,85.94627147951505,83.88277968678821,85.6737289428711,165428800,185.14440201646784,187.72638602296334,183.7718314338394,185.79710388183594,42556700
2020-06-17,86.42074143781001,86.4815754114289,85.43279830032078,85.5544662475586,114406400,187.19845619494996,188.4366636994321,185.9122681862843,186.440185546875,25687800
2020-06-18,85.51066985297757,86.00707717025418,84.9777636357591,85.58853912353516,96820400,186.20984487209262,188.59986310205517,186.20984487209262,188.4366912841797,23061600
2020-06-19,86.29666530516798,86.76386617293707,83.9874020783935,85.09944915771484,264476000,190.6155272914356,191.28741555293973,186.56498208428334,187.31365966796875,44441100
2020-06-22,85.49364658624263,87.4695331919999,85.44741216447049,87.32596588134766,135445200,187.92795146469385,192.69837988397876,187.39044087875726,192.51602172851562,32818900
2020-06-23,88.57429406296431,90.61345070235802,88.15332015682368,89.18993377685547,212155600,193.97498056414278,195.76029200350268,193.3414796494519,193.80221557617188,30917400
2020-06-24,88.81761971025675,89.73986501886358,87.24080011710065,87.61553955078125,192623200,193.50465452912027,195.08839207499327,188.66703011055674,189.8956298828125,36740600
2020-06-25,87.77127955859044,88.81762116630449,87.00963685193202,88.7786865234375,137522400,189.8572588057207,192.55441970306296,187.6208192009114,192.29525756835938,27803900
2020-06-26,88.67404914924855,88.89548574168278,85.90244927933195,86.05088806152344,205256800,191.70977031493157,191.86334897596745,187.05453249006115,188.44630432128906,54675800
2020-06-29,85.95841768027097,88.12897745361794,85.47904559885598,88.03407287597656,130646000,187.91838261622823,190.55795537859805,185.77793316800526,190.47157287597656,26701600
2020-06-30,87.62040543722048,89.0560934802323,87.60094182870904,88.76895141601562,140223200,189.93403700874228,196.19221269128647,189.7996593627015,195.33795166015625,34310300
2020-07-01,88.84681537177396,89.39188548967921,88.55238096980085,88.60104370117188,110737200,194.98279337525491,198.06390038374025,193.66781121683078,196.4801483154297,32061200
2020-07-02,89.51112514748854,90.14866410882917,88.48668294073944,88.60104370117188,114041600,197.4208122291355,199.66685951857852,196.76812499098386,197.97752380371094,29315800
2020-07-06,90.03429319420877,91.44077455841791,90.00265833546331,90.97113800048828,118655600,200.4443379426205,202.65198332371176,199.73404770725878,202.23924255371094,31897600
2020-07-07,91.35074735374833,92.13185365235528,90.57694083639849,90.68887329101562,112424400,201.99927400934564,206.04981900940203,199.63806471877396,199.8876190185547,33600700
2020-07-08,91.66951476530353,92.83266025069595,91.58190996618218,92.801025390625,117092000,201.63454111797887,204.69643276987244,200.30995102141637,204.28370666503906,33600000
2020-07-09,93.69651141665871,93.7500456266075,92.14889822617897,93.20011138916016,125642800,207.64316463911499,207.69115979383565,202.97831973392456,205.71388244628906,33121700
2020-07-10,92.79372347201921,93.42153433551938,92.18051959638903,93.36312866210938,90257200,205.04198592289438,205.48352085550894,202.60398723586235,205.08998107910156,26177600
2020-07-13,94.67230019364084,97.29059783670382,92.71831248028391,92.93244934082031,191649200,205.86745720277855,207.13445905255088,198.20790171209103,198.75502014160156,38135600
2020-07-14,92.31191801469724,94.6625440704525,91.37508059280022,94.4703140258789,170989200,197.85274095335467,200.46351902624386,193.91737285414357,199.9835968017578,37591800
2020-07-15,96.35129727473847,96.60193299733245,93.91793786080713,95.1200180053711,153198000,201.14500283738633,202.84393163369342,196.79690860217687,199.68603515625,32179400
2020-07-16,93.98850434264295,94.80854525062085,93.34852964918174,93.94956970214844,110577600,197.1520722349672,197.4400285401688,194.1861559773425,195.73150634765625,29940700
2020-07-17,94.4021760380504,94.55790717010848,93.2852575959958,93.759765625,92186800,196.2594257601162,196.80652956400527,193.30310264624077,194.7332763671875,31635300
2020-07-20,93.8473823794661,95.87436764626261,93.50184205095535,95.73566436767578,90318000,196.7681683785691,203.7750377915074,194.85807210562675,203.1031494140625,36884800
2020-07-21,96.52893470179353,96.60436824916565,94.16370906625916,94.41434478759766,103433200,205.0803784404976,205.3491337275746,199.67644924364626,200.36753845214844,37990400
2020-07-22,94.11504710524962,95.36336177523553,94.02744972364847,94.6795883178711,89001600,200.799463939146,203.77498771005708,200.0219922473186,203.2470703125,49605700
2020-07-23,94.4118923570118,94.48976162634358,89.55734566457981,90.37008666992188,197004400,198.8701920137259,202.4504080367256,194.03256734424946,194.4069061279297,67457000
2020-07-24,88.56212813927338,90.49178057488463,86.76873582504383,90.146240234375,185438800,192.37203745566444,194.71406043410218,189.5788863799343,193.21670532226562,39827000
2020-07-27,91.21203824708473,92.37518368443884,90.98817335217583,92.28271484375,121214000,193.37987205022162,195.77948329356477,192.7943663210033,195.664306640625,30160900
2020-07-28,91.852015075252,92.02965297999799,90.76186742027873,90.76673889160156,103625600,195.43394038666563,196.48016738279762,193.63903584779104,193.9077911376953,23251400
2020-07-29,91.25096993011928,92.6915218428662,91.21447102735182,92.50658416748047,90329200,194.3685503836158,196.43221061568144,193.89822121133773,195.86590576171875,19632600
2020-07-30,91.67683010582483,93.73058636306052,91.2680274432724,93.6259536743164,158130000,192.92870710383087,196.24977487436306,191.55613676499294,195.71224975585938,25079600
2020-07-31,100.14247783391713,103.578380221725,98.13738457841312,103.4275131225586,374336800,196.19221946047625,196.86412235992762,191.01865794030672,196.77772521972656,51044000
2020-08-03,105.31580157029778,108.66167105374215,105.01650308916155,106.03364562988281,308151200,203.02633250734016,208.90057673251002,201.98969858888674,207.84474182128906,78983000
2020-08-04,106.22345343622803,107.83677214724625,105.49830955349178,106.74176025390625,173071600,205.56990286520076,206.14581544620071,201.86490236413317,204.72523498535156,49280100
2020-08-05,106.46191633779561,107.44985972369943,105.99470803547494,107.12865447998047,121776800,206.27059997009545,206.36659028912158,203.07433032066746,204.38931274414062,28806400
2020-08-06,107.46202710488257,111.36270230609243,106.8707224953162,110.86629486083984,202428800,203.81341280887844,207.68158564013862,203.05514196721083,207.6623992919922,32656800
2020-08-07,110.3860424163052,110.84433996363158,107.54606913860891,108.34564971923828,198045600,206.2226261734567,207.03848532748646,202.46002230686378,203.94778442382812,27820400
2020-08-10,109.79612082851325,110.94186486752692,107.26086549559103,109.92044830322266,212403600,203.17028548212394,203.37185927330196,198.0639203097045,199.8876190185547,36716500
2020-08-11,109.18180291672903,109.68153802602951,106.390579904866,106.65142059326172,187902400,198.84140714955558,199.31172162131807,194.98282782848577,195.21319580078125,36446500
2020-08-12,107.74596761374468,110.45430815645663,107.55095084699191,110.19590759277344,165598000,197.04646891700722,201.83609819491352,196.52815933665153,200.7898712158203,28013100
2020-08-13,111.58053628624776,113.15288579947423,111.09054684512458,112.1460952758789,210082000,201.02983978206382,202.86314634098838,199.79163214226165,200.31954956054688,22588900
2020-08-14,111.97058828094455,112.13635327859295,110.23003348739779,112.04615783691406,165565200,200.37715798331593,201.17383077697343,199.17735220601244,200.51153564453125,17958900
2020-08-17,113.17240210150105,113.19678105887246,111.1246961523291,111.75363159179688,119561600,201.18343330987926,202.7095827034484,200.53073136822354,201.83612060546875,20184800
2020-08-18,111.50498397074077,113.11145831572809,111.1685737018232,112.68485260009766,105633600,202.07605567926134,203.83257282194666,200.8090685911667,202.9975128173828,21336200
2020-08-19,113.09439419603572,114.24501107161466,112.73117227554131,112.82624053955078,145538000,203.4882439502572,204.07516508026322,201.3329894587743,201.76596069335938,27627600
2020-08-20,112.86768515883944,115.44438550181255,112.85061914452253,115.3298110961914,126907200,201.61203008786043,206.86545699034644,201.00587617403352,206.4613494873047,26981500
2020-08-21,116.29271066660041,121.7581423853081,116.28052490809851,121.27303314208984,338054800,205.76855728649525,208.06813048821607,204.79677615890807,204.96034240722656,36249300
2020-08-24,125.4927725055599,125.57810257788931,120.85130757212758,122.72349548339844,345937600,206.6633835219215,207.3657744393688,204.3926738683329,205.60501098632812,25460100
2020-08-25,121.59237766186422,122.06286102018731,119.98833606258718,121.7166976928711,211495600,205.03730997086967,208.4145028900692,205.03730997086967,208.27980041503906,23043700
2020-08-26,123.03797045440116,123.83023825240734,121.96779591940656,123.37194061279297,163022400,209.63643185199436,213.68713667570984,209.13610213938426,212.78269958496094,39600800
2020-08-27,123.97649247764066,124.31046260347257,120.74891061178384,121.8970947265625,155552400,214.4568883673728,222.40436346593435,211.09892829514644,218.0072784423828,57602200
2020-08-28,122.87463439456488,123.2939271755795,121.4753699990524,121.69964599609375,187630000,219.54675464075623,221.91368648298578,218.00729978629948,220.2491455078125,26292900
2020-08-31,124.40313077627343,127.73796753250208,122.86247258851346,125.82676696777344,225702700,218.41142331424987,220.04710064066157,215.82319749069768,216.99703979492188,28774200
2020-09-01,129.45410665665014,131.44331646895694,127.27964057724809,130.8387451171875,151948100,216.97778412727217,218.84438623445757,215.93864435580392,218.67120361328125,25725500
2020-09-02,134.1638713290683,134.5441593538075,123.8375762213709,128.1280059814453,200119000,219.34475320156878,224.04973939946703,218.7482156078614,222.88551330566406,34080800
2020-09-03,123.74978578666541,125.6317192300971,117.49939923565937,117.86993408203125,257599600,220.59552879932826,220.6340089316547,206.82695279841502,209.0784149169922,58400300
2020-09-04,117.08011491662583,120.61972095191703,108.12870745933931,117.94795227050781,332607200,206.96167538139008,210.09832766276753,197.42661772100655,206.14382934570312,59664100
2020-09-08,111.11247882056891,116.02697649481232,109.87410691285393,110.0106201171875,231366600,198.68703419320943,202.08347481385906,194.5497225545871,194.99232482910156,52924300
2020-09-09,114.34007891543482,116.17326184567966,112.38988145965452,114.3985824584961,176940500,199.74538590556278,206.71144852984153,198.87942891734866,203.29576110839844,45679000
2020-09-10,117.36288681754456,117.49940004817361,109.69861000348159,110.66395568847656,182274400,205.3259434162522,206.61525528666598,196.3874397125869,197.59976196289062,35461500
2020-09-11,111.71706305037618,112.36063179376235,107.2608620779855,109.2110595703125,180860300,199.36056203452765,200.7364654599557,193.62606751857373,196.3105010986328,33620100
2020-09-14,111.86332602698766,113.04319458206483,109.99113827543115,112.48738861083984,140150100,196.51254409194786,201.28487327965124,196.310483024045,197.63827514648438,30375800
2020-09-15,115.38343686650313,115.87098624147585,110.78096957645455,112.66291046142578,184642000,200.5343879034672,201.8429326320979,199.10075705148796,200.88076782226562,21823900
2020-09-16,112.36064976741665,113.1114726487254,109.25008188896413,109.33783721923828,154679000,202.6511354113958,202.67999917944445,196.89739430401985,197.29188537597656,26328100
2020-09-17,106.98782792048597,109.40606847088276,106.00297617469543,107.5923843383789,178011000,192.48102731531222,196.5990905464045,192.39443602659668,195.23281860351562,34011300
2020-09-18,107.65090688938564,108.11895013810333,103.4482260852904,104.17955017089844,287104900,195.12704851750084,195.94487988980146,188.82486536149793,192.8082275390625,55225300
2020-09-21,101.93681222587327,107.44612100314026,100.53266781044476,107.33885955810547,195713800,189.7292884517917,195.0404425158831,188.94993727507398,194.87686157226562,39839700
2020-09-22,109.87414899878489,110.04966710578832,106.4418039988911,109.02581024169922,183055400,197.30149526191477,200.226484234231,194.43424850526944,199.57220458984375,33517100
2020-09-23,108.84050394478017,109.31830015614226,104.1112699772773,104.45256042480469,150718700,200.03403183934446,200.22647652123064,192.4618004778043,193.0006103515625,30803800
2020-09-24,102.55113797500798,107.5046416144481,102.38537296614106,105.52519226074219,167743300,192.28864656073924,197.79223054604606,191.66323061426746,195.5022735595703,31202500
2020-09-25,105.72994906280776,109.64009681169752,104.98887199073256,109.48407745361328,149981400,195.84865949548796,201.13093516203398,194.87686359418942,199.9571075439453,29437300
2020-09-28,112.1461089873391,112.44838721832883,109.97163550795793,112.09735107421875,137672400,202.9012817444622,204.52734231717108,200.18797044246975,201.51576232910156,32004900
2020-09-29,111.69756779185069,112.43863750540089,110.74196771781253,111.24901580810547,99382200,201.42920954356148,202.12196938367782,198.98530269607602,199.41827392578125,24221900
2020-09-30,110.95648937570999,114.34008328098176,110.79072437109879,112.92618560791016,142675200,199.87048183587524,203.95968207307456,198.72550342042436,202.3721160888672,33829100
2020-10-01,114.71061497135939,114.78862465587767,112.94568863575778,113.88178253173828,116120400,205.41261387169178,205.8936963781004,203.324717555655,204.4215850830078,27158400
2020-10-02,110.07889779908955,112.49714598356358,109.42558341904119,110.20565795898438,144712000,200.1302639824499,203.00714181252636,197.76333228511893,198.3887481689453,33154800
2020-10-05,111.07348949105034,113.74525767771173,110.7224533860102,113.59899139404297,106243800,199.37976785387195,202.44907555811938,199.14884304338642,202.4202117919922,21331600
2020-10-06,112.81890702677832,113.22845409992826,109.45481977342668,110.3421630859375,161498200,200.91925729376106,202.22778730612757,197.0705981567693,198.11935424804688,28554300
2020-10-07,111.76582617611366,112.6726683499166,111.28802241183179,112.21437072753906,96849000,199.22582138595564,202.16042667128687,198.89868890994316,201.89102172851562,25681100
2020-10-08,113.35523433064257,113.5015006370164,111.73656676842208,112.10710906982422,83477200,202.5452818060535,203.1995614238007,200.4381534861179,202.61264038085938,19925800
2020-10-09,112.40938507947115,114.0865561551348,112.05834892691767,114.05730438232422,100506900,203.2380739442481,207.6929018274482,203.2380739442481,207.64479064941406,26458000
2020-10-12,117.07035922140598,122.06286774169322,116.30978334982996,121.30229187011719,240226800,210.51203414893342,215.3902168251195,208.60695191939405,213.02328491210938,40461400
2020-10-13,122.15062530057422,122.26763983658118,116.67057472065251,118.08446502685547,262330500,214.2933828189053,216.68917887423586,212.09001682085457,214.42808532714844,28950800
2020-10-14,117.98695479953686,119.96640417322294,116.64132113373098,118.17222595214844,150712000,214.5627398694277,215.73658204233402,210.8391669742481,212.5037078857422,23421700
2020-10-15,115.76372578098064,118.18196653560398,115.20791978630072,117.70417022705078,112559200,208.8859966636876,212.0226488172296,207.83722580995095,211.34913635253906,22733100
2020-10-16,118.25997681380653,118.52325764594907,115.85148167833091,116.0562515258789,115393800,211.82058773708712,213.87961994712427,211.02200382418516,211.34913635253906,26057900
2020-10-19,116.97285386966553,117.42139843534454,112.77993339601544,113.09196472167969,120639300,212.08034757630915,213.88922196295366,205.63384683523614,206.11492919921875,27625800
2020-10-20,113.3064702709398,116.01725100908146,112.75066428839048,114.58385467529297,124423700,207.63515426808434,209.1457452787201,205.02768135731517,206.52865600585938,22753500
2020-10-21,113.76475364535186,115.75395571300935,113.55023075971056,113.95977783203125,89946000,205.0565747744682,208.71280425916538,205.0565747744682,206.6730194091797,22724900
2020-10-22,114.52534061393521,115.1006527218332,111.73655770574223,112.86767578125,101988000,205.83588270915598,207.88529817327458,203.6902595860285,206.7595672607422,22351500
2020-10-23,113.49174346426179,113.64776283593191,111.43428449669388,112.17536163330078,82572600,206.894294344403,208.0970003361188,205.0950508788664,208.04888916015625,18879600
2020-10-26,111.17101598676972,113.64776782516624,110.0691495843626,112.18511962890625,111850700,205.7589262972912,208.15470699634687,200.22647929031413,202.13156127929688,37111600
2020-10-27,112.61413501705532,114.35956240046933,111.68779432457966,113.69649505615234,92276800,203.58444355660558,206.54791285941357,202.37212121151256,205.181640625,36700300
2020-10-28,112.18511296666344,112.5556478095225,108.33346848159846,108.43097686767578,143937800,199.81277408368302,200.938505204553,194.45352346476508,195.01156616210938,51195600
2020-10-29,109.57183395120363,114.01828125115553,109.4060615328435,112.44837188720703,146129200,196.348979241108,199.51449499676707,195.6754521309309,196.97438049316406,31432600
2020-10-30,108.2944526194869,109.20129465261257,105.03762673155073,106.14923858642578,190272600,195.80053785215156,196.56064158838936,192.06733371002053,194.80950927734375,36953700
2020-11-02,106.3930380327763,107.92394295724235,104.64761016714455,106.0615005493164,122866900,196.56065487022784,197.51320337704038,192.54842912333325,194.67481994628906,30842200
2020-11-03,106.9293426114221,108.71376783877459,106.0225003905584,107.6899185180664,107624400,196.17578252504643,200.24573556056401,195.43491151052956,198.6196746826172,27512000
2020-11-04,111.29776550877692,112.71165565418494,109.5523379354268,112.08759307861328,138235500,205.92249417257187,210.05980533830936,204.38302477274965,208.20281982421875,42311800
2020-11-05,115.01290102705485,116.64132168469465,113.95979997203881,116.06600952148438,126387100,213.63907556087898,215.6403801987278,212.78274943674145,214.84178161621094,36080100
2020-11-06,115.57273140177695,116.43229602708031,113.43357855709559,115.93414306640625,114457900,213.8507565260113,215.8713086048617,209.78080327849514,215.25552368164062,25231900
2020-11-09,117.7021241226147,119.15752589443073,113.35545115043828,113.61917877197266,154515300,215.94823526890633,219.4889941153376,209.63643754685592,210.12713623046875,44395000
2020-11-10,112.86703652339298,114.85966301108157,111.48000197495716,113.27728271484375,138023400,206.3843427725324,208.308672308873,201.78519635519584,203.02638244628906,44045100
2020-11-11,114.46897654176517,116.85231729677409,113.73639073565728,116.71556854248047,112295000,204.35418705997827,209.79041246102312,204.17137339377663,208.35679626464844,29440800
2020-11-12,116.84255382154495,117.7314207166171,115.81693072113664,116.44207000732422,103162300,208.99180827251445,210.81991539400673,206.34585525476737,207.2887725830078,21593900
2020-11-13,116.66672664224632,116.8913821021024,115.13318074907436,116.49090576171875,81581900,208.1739642422896,209.19385652014648,206.0572047454115,208.3182830810547,18621100
2020-11-16,116.15881215076331,118.18074882588525,115.40669394696378,117.50677490234375,91183000,206.7403530282765,209.50177608318282,206.4036041455115,209.0110626220703,24953300
2020-11-17,116.7741779499669,117.86816796066498,116.19787325311871,116.61788940429688,74271000,207.92377454149675,209.4439816796353,205.98019795168935,206.3458251953125,24154100
2020-11-18,115.85600165898173,117.03790584258053,115.26016461858715,115.28946685791016,76322100,206.1047029137225,207.5710265175272,203.48076161003306,203.62547302246094,28372800
2020-11-19,114.85968419200586,116.29555357911475,114.09779613817214,115.88530731201172,74113000,203.9148567100995,205.50657901685545,202.51605349033142,204.91812133789062,24792700
2020-11-20,115.88530450548863,116.0122833606363,114.566651563308,114.61548614501953,73604300,204.70586814691993,205.75736979552403,202.5835670550856,202.9597930908203,22843100
2020-11-23,114.45920273719096,114.88898878015578,111.1088434668693,111.2065200805664,127959300,203.50002805871765,204.79270071244719,200.80856695312227,202.689697265625,25683500
2020-11-24,111.26514127781546,113.16009158856252,109.97578304153085,112.49588012695312,113874200,202.18806252380884,206.68349230699746,201.48384751173435,206.30726623535156,33979700
2020-11-25,112.86704864167184,114.03918287230827,112.49586708858041,113.33589935302734,76499200,207.51316898612905,207.68680503484683,204.95676235838945,206.31695556640625,21012900
2020-11-27,113.86335645369218,114.76199315028312,113.52148460740729,113.88288879394531,46691300,207.26232115526653,208.63217039041172,206.48091490938825,207.62889099121094,14512200
2020-11-30,114.25409056951283,118.16121511006692,114.09780201081131,116.28579711914062,169410200,206.53881177353418,207.17549190767758,203.39393309923483,206.50987243652344,33064800
2020-12-01,118.20027268083436,120.60315308283555,117.22349166609008,119.87056732177734,127728200,206.93432077523863,209.64509467214577,205.81529873199955,208.5742950439453,30904500
2020-12-02,119.1868131981227,120.5054734972761,118.08305336151587,120.22220611572266,89004200,207.2912456650541,207.86040553586602,205.2847017300795,207.76393127441406,23724500
2020-12-03,120.65198415652675,120.90594929961036,119.37240344911088,120.08545684814453,78967600,207.03078693135419,208.73828134614044,206.10468402437849,206.67385864257812,25120900
2020-12-04,119.7533479916129,120.00731313587139,118.69842273292154,119.4114761352539,78260400,206.65455667851904,207.77359337524513,205.651277322866,206.78961181640625,24666000
2020-12-07,119.47008847443368,121.67761574577153,119.4114839958422,120.87665557861328,86712000,206.79926814767597,207.92794646359303,205.46801447039047,206.7220916748047,24620000
2020-12-08,121.48225720881356,122.07809422262514,120.23197125291128,121.49201965332031,82225500,206.41339913079136,209.28815280657466,205.3715388338167,208.38134765625,23284100
2020-12-09,121.63854040920427,123.02556768253118,118.19050456748764,118.952392578125,115089200,207.56137609469448,207.6288963083449,203.75087791569962,204.32003784179688,32440600
2020-12-10,117.70210881817248,120.99386342394624,117.36023696350695,120.37848663330078,81312200,204.29107498383206,205.55480829861727,202.93086740933128,203.08522033691406,26733300
2020-12-11,119.58730425363264,119.90964378868306,117.75095856237984,119.5677719116211,86939800,202.6318129157423,205.78633271742834,201.7250078879869,205.7284393310547,30979400
2020-12-14,119.75335272421145,120.48593849632398,118.71796721767839,118.952392578125,79184500,205.57409544508724,208.5742622399963,205.36186386063156,206.63523864746094,28798400
2020-12-15,121.45296055193862,124.9303063971683,121.2478374115688,124.9107666015625,157243700,207.57104437525308,207.8122153634736,204.7445274588648,206.56777954101562,27000600
2020-12-16,124.45167787791586,125.3893793448256,123.62140801881179,124.8423843383789,98208600,207.1658716945147,212.336578091379,207.1369323545249,211.535888671875,35023300
2020-12-17,125.90707656477707,126.57129545645023,125.06704423102657,125.71172332763672,94359800,212.1050337443236,213.08901539454547,210.2239031776549,211.67092895507812,32515800
2020-12-18,125.96568498617573,126.10243373072133,123.19162305629168,123.71908569335938,192541500,210.87022399902344,211.93138204529595,208.39099433805046,210.87022399902344,63354900
2020-12-21,122.11716580798591,125.33077641507083,120.58361982974765,125.25263214111328,121251600,209.8669583764434,216.0891657865848,209.60648963539475,214.7289581298828,37181900
2020-12-22,128.5541513025178,131.28914115354644,126.63965393544905,128.81788635253906,168904800,214.82544100823074,217.6616137780728,214.01511013682068,216.0312957763672,22612200
2020-12-23,129.09136164768518,129.35508174785957,127.74339929548835,127.91922760009766,88223700,215.2306021027868,215.66470686657877,213.00218489140235,213.21441650390625,18699600
2020-12-24,128.27092090321057,130.36123218201516,128.05602783585223,128.90582275390625,54930100,213.60028482209808,215.71294469525253,213.38805320891043,214.88331604003906,10550600
2020-12-28,130.8788989655675,134.1511065581324,130.41003332778524,133.51620483398438,124486200,216.52327588928569,218.0474780591343,215.14378512132973,217.01527404785156,17933500
2020-12-29,134.84458919922565,135.56739743508152,131.2207259598295,131.73841857910156,121047300,218.31757662938773,219.1568467796806,215.68399411922664,216.23385620117188,17403200
2020-12-30,132.43197135905453,132.83245515094322,130.3025810031429,130.6151580810547,96452100,217.2757197795498,217.6616021166235,213.64851413049317,213.85108947753906,20272300
2020-12-31,130.9667947818931,131.61147380180907,128.66159108708325,129.60906982421875,99116600,213.87039840086666,215.12449030176415,211.9217329770077,214.56497192382812,20942100
